,Draw Id,Date,Time,1,2,3,4,5,6
0,6855,11-03-2023,22:00:00,34,40,48,33,38,21
1,6854,09-03-2023,22:00:00,30,29,47,15,28,24
2,6853,07-03-2023,22:00:00,32,17,4,27,14,31
3,6852,04-03-2023,22:00:00,31,27,23,17,44,43
4,6851,02-03-2023,22:00:00,28,41,30,26,6,38
5,6850,28-02-2023,22:00:00,31,20,33,2,29,30
6,6849,25-02-2023,22:00:00,5,43,26,16,13,20
7,6848,23-02-2023,22:00:00,7,41,18,36,5,13
8,6847,21-02-2023,22:00:00,46,43,49,26,47,1
9,6846,18-02-2023,22:00:00,41,37,4,8,25,22
10,6845,16-02-2023,22:00:00,40,2,14,10,47,4
11,6844,14-02-2023,22:00:00,40,3,30,47,36,18
12,6843,11-02-2023,22:00:00,10,38,39,7,45,34
13,6842,09-02-2023,22:00:00,27,38,40,41,39,33
14,6841,07-02-2023,22:00:00,37,36,35,47,16,44
15,6840,04-02-2023,22:00:00,26,8,32,1,34,40
16,6839,02-02-2023,22:00:00,44,3,7,11,38,8
17,6838,31-01-2023,22:00:00,33,25,46,41,30,36
18,6837,28-01-2023,22:00:00,22,37,36,19,9,14
19,6836,26-01-2023,22:00:00,13,14,42,38,5,3
20,6835,24-01-2023,22:00:00,37,14,10,35,48,29
21,6834,21-01-2023,22:00:00,40,39,19,13,48,27
22,6833,19-01-2023,22:00:00,34,40,2,13,10,15
23,6832,17-01-2023,22:00:00,3,43,48,46,35,49
24,6831,14-01-2023,22:00:00,32,47,49,27,48,19
25,6830,12-01-2023,22:00:00,8,44,24,41,29,12
26,6829,10-01-2023,22:00:00,1,9,18,6,21,20
27,6828,07-01-2023,22:00:00,49,36,4,21,11,35
28,6827,05-01-2023,22:00:00,3,6,21,17,1,23
29,6826,03-01-2023,22:00:00,20,21,25,1,35,29
30,6825,31-12-2022,22:00:00,6,13,12,44,22,45
31,6824,29-12-2022,22:00:00,25,35,38,47,32,20
32,6823,27-12-2022,22:00:00,45,31,42,43,11,4
33,6822,24-12-2022,22:00:00,46,14,37,21,24,18
34,6821,22-12-2022,22:00:00,21,30,47,34,48,6
35,6820,20-12-2022,22:00:00,40,28,13,33,23,4
36,6819,17-12-2022,22:00:00,13,42,40,11,49,31
37,6818,15-12-2022,22:00:00,43,28,29,23,44,27
38,6817,13-12-2022,22:00:00,4,13,26,38,36,20
39,6816,10-12-2022,22:00:00,13,45,40,36,27,19
40,6815,08-12-2022,22:00:00,45,47,24,7,34,27
41,6814,06-12-2022,22:00:00,13,37,23,29,49,42
42,6813,03-12-2022,22:00:00,13,26,40,24,25,9
43,6812,01-12-2022,22:00:00,39,21,8,32,12,27
44,6811,29-11-2022,22:00:00,2,32,4,42,35,29
45,6810,26-11-2022,22:00:00,42,11,48,27,28,26
46,6809,24-11-2022,22:00:00,29,36,41,27,28,46
47,6808,22-11-2022,22:00:00,7,16,1,14,46,36
48,6807,19-11-2022,22:00:00,26,48,4,20,34,9
49,6806,17-11-2022,22:00:00,36,33,25,43,29,13
50,6805,15-11-2022,22:00:00,6,45,38,4,18,15
51,6804,12-11-2022,22:00:00,10,37,2,30,34,44
52,6803,10-11-2022,22:00:00,33,6,42,26,43,3
53,6802,08-11-2022,22:00:00,20,26,10,21,5,6
54,6801,05-11-2022,22:00:00,23,11,27,1,18,13
55,6800,03-11-2022,22:00:00,44,5,38,6,26,10
56,6799,01-11-2022,22:00:00,40,49,25,34,17,20
57,6798,29-10-2022,22:00:00,38,32,31,10,29,48
58,6797,27-10-2022,22:00:00,26,23,14,22,24,37
59,6796,25-10-2022,22:00:00,32,13,31,40,30,1
60,6795,22-10-2022,22:00:00,49,39,34,9,23,22
61,6794,20-10-2022,22:00:00,45,28,1,12,48,33
62,6793,18-10-2022,22:00:00,24,26,8,15,44,35
63,6792,15-10-2022,22:00:00,42,30,18,39,4,19
64,6791,13-10-2022,22:00:00,35,10,2,45,28,15
65,6790,11-10-2022,22:00:00,15,43,47,7,32,12
66,6789,08-10-2022,22:00:00,44,26,13,48,14,3
67,6788,06-10-2022,22:00:00,4,33,7,44,20,22
68,6787,04-10-2022,22:00:00,40,16,34,7,6,39
69,6786,01-10-2022,22:00:00,27,12,18,9,40,22
70,6785,29-09-2022,22:00:00,34,42,15,28,19,4
71,6784,27-09-2022,22:00:00,42,8,7,41,48,13
72,6783,24-09-2022,22:00:00,32,48,37,33,12,44
73,6782,22-09-2022,22:00:00,36,20,47,10,34,45
74,6781,20-09-2022,22:00:00,10,18,44,1,15,34
75,6780,17-09-2022,22:00:00,42,34,40,33,38,6
76,6779,15-09-2022,22:00:00,7,11,37,32,43,44
77,6778,13-09-2022,22:00:00,43,31,24,12,26,8
78,6777,10-09-2022,22:00:00,28,41,8,34,33,40
79,6776,08-09-2022,22:00:00,21,19,29,6,10,17
80,6775,06-09-2022,22:00:00,32,41,27,15,38,19
81,6774,03-09-2022,22:00:00,16,26,1,45,12,30
82,6773,01-09-2022,22:00:00,31,1,33,26,9,11
83,6772,30-08-2022,22:00:00,16,15,1,27,25,10
84,6771,27-08-2022,22:00:00,3,20,1,40,44,30
85,6770,25-08-2022,22:00:00,39,42,38,28,35,29
86,6769,23-08-2022,22:00:00,32,17,37,29,40,28
87,6768,20-08-2022,22:00:00,20,7,40,26,16,28
88,6767,18-08-2022,22:00:00,8,30,39,14,29,26
89,6766,16-08-2022,22:00:00,28,1,3,6,31,39
90,6765,13-08-2022,22:00:00,10,5,46,44,9,26
91,6764,11-08-2022,22:00:00,49,34,11,2,44,14
92,6763,09-08-2022,22:00:00,7,34,1,39,18,28
93,6762,06-08-2022,22:00:00,47,42,39,37,11,9
94,6761,04-08-2022,22:00:00,28,30,45,12,35,47
95,6760,02-08-2022,22:00:00,24,45,38,49,28,29
96,6759,30-07-2022,21:50:00,10,20,12,17,13,25
97,6758,28-07-2022,21:50:00,47,27,8,25,18,22
98,6757,26-07-2022,21:50:00,45,23,8,29,6,19
99,6756,23-07-2022,21:50:00,3,1,20,36,13,39
100,6755,21-07-2022,21:50:00,48,39,3,45,17,8
101,6754,19-07-2022,21:50:00,47,21,24,11,15,7
102,6753,16-07-2022,21:50:00,44,47,15,36,6,13
103,6752,14-07-2022,21:50:00,45,13,38,19,17,42
104,6751,12-07-2022,21:50:00,22,21,2,48,13,8
105,6750,09-07-2022,21:50:00,38,7,17,26,21,48
106,6749,07-07-2022,21:50:00,28,38,49,2,42,39
107,6748,05-07-2022,21:50:00,8,10,49,9,39,46
108,6747,02-07-2022,21:50:00,31,19,30,27,9,1
109,6746,30-06-2022,21:50:00,2,42,16,48,39,20
110,6745,28-06-2022,21:50:00,20,14,3,22,1,37
111,6744,25-06-2022,21:50:00,31,15,19,13,3,40
112,6743,23-06-2022,21:50:00,48,44,22,42,10,13
113,6742,21-06-2022,21:50:00,9,13,38,6,46,40
114,6741,18-06-2022,21:50:00,33,20,13,11,47,32
115,6740,16-06-2022,21:50:00,14,13,6,21,42,4
116,6739,14-06-2022,21:50:00,29,4,18,42,16,28
117,6738,11-06-2022,21:50:00,17,24,20,10,18,12
118,6737,09-06-2022,21:50:00,39,34,21,9,8,41
119,6736,07-06-2022,21:50:00,16,10,2,5,4,12
120,6735,04-06-2022,21:50:00,42,19,17,48,12,6
121,6734,02-06-2022,21:50:00,47,49,17,34,44,2
122,6733,31-05-2022,21:50:00,44,30,9,46,22,23
123,6732,28-05-2022,21:50:00,16,7,38,14,8,40
124,6731,26-05-2022,21:50:00,7,19,31,8,38,11
125,6730,24-05-2022,21:50:00,24,23,39,19,13,46
126,6729,21-05-2022,21:50:00,21,39,26,20,37,23
127,6728,19-05-2022,21:50:00,19,34,16,11,21,29
128,6727,17-05-2022,21:50:00,19,1,35,41,16,30
129,6726,14-05-2022,21:50:00,12,16,24,26,44,23
130,6725,12-05-2022,21:50:00,1,13,42,36,34,26
131,6724,10-05-2022,21:50:00,47,20,6,1,29,8
132,6723,07-05-2022,21:50:00,4,5,38,10,37,45
133,6722,05-05-2022,21:50:00,47,23,28,14,42,39
134,6721,03-05-2022,21:50:00,20,11,12,23,32,3
135,6720,30-04-2022,21:50:00,42,49,12,32,16,14
136,6719,28-04-2022,21:50:00,44,1,2,17,7,48
137,6718,26-04-2022,21:50:00,15,45,29,48,3,46
138,6717,23-04-2022,21:50:00,35,3,23,29,5,15
139,6716,21-04-2022,21:50:00,36,17,14,42,2,15
140,6715,19-04-2022,21:50:00,48,30,4,49,35,37
141,6714,16-04-2022,21:50:00,45,20,12,21,5,37
142,6713,14-04-2022,21:50:00,26,41,8,43,5,39
143,6712,12-04-2022,21:50:00,19,44,26,46,12,27
144,6711,09-04-2022,21:50:00,38,40,16,24,21,46
145,6710,07-04-2022,21:50:00,1,42,47,27,14,5
146,6709,05-04-2022,21:50:00,1,20,11,42,15,7
147,6708,02-04-2022,21:50:00,15,30,42,46,17,27
148,6707,31-03-2022,21:50:00,6,17,40,12,7,9
149,6706,29-03-2022,21:50:00,24,44,28,7,19,40
150,6705,26-03-2022,21:50:00,45,26,24,34,32,43
151,6704,24-03-2022,21:50:00,23,13,25,15,39,49
152,6703,22-03-2022,21:50:00,27,7,11,17,34,32
153,6702,19-03-2022,21:50:00,44,7,8,6,28,29
154,6701,17-03-2022,21:50:00,35,34,6,28,7,22
155,6700,15-03-2022,21:50:00,47,6,9,40,16,17
156,6699,12-03-2022,21:50:00,49,20,39,8,38,11
157,6698,10-03-2022,21:50:00,26,5,28,3,14,19
158,6697,08-03-2022,21:50:00,14,11,39,26,49,8
159,6696,05-03-2022,21:50:00,26,5,9,42,33,45
160,6695,03-03-2022,21:50:00,7,37,15,34,14,35
161,6694,01-03-2022,21:50:00,10,13,2,9,35,28
162,6693,26-02-2022,21:50:00,11,23,43,27,44,40
163,6692,24-02-2022,21:50:00,31,37,40,33,9,43
164,6691,22-02-2022,21:50:00,7,25,47,41,21,3
165,6690,19-02-2022,21:50:00,11,33,30,17,35,43
166,6689,17-02-2022,21:50:00,36,9,2,23,3,28
167,6688,15-02-2022,21:50:00,8,17,9,26,2,27
168,6687,12-02-2022,21:50:00,24,10,33,40,47,49
169,6686,10-02-2022,21:50:00,44,36,45,7,14,47
170,6685,08-02-2022,21:50:00,12,17,49,15,3,28
171,6684,05-02-2022,21:50:00,44,30,22,47,19,40
172,6683,03-02-2022,21:50:00,23,19,14,20,46,5
173,6682,01-02-2022,21:50:00,12,32,5,35,19,17
174,6681,29-01-2022,21:50:00,36,44,8,20,33,31
175,6680,27-01-2022,21:50:00,45,3,35,9,7,49
176,6679,25-01-2022,21:50:00,22,9,38,10,19,36
177,6678,22-01-2022,21:50:00,10,21,3,20,19,44
178,6677,20-01-2022,21:50:00,40,6,23,28,12,31
179,6676,18-01-2022,21:50:00,10,46,29,2,24,44
180,6675,15-01-2022,21:50:00,23,41,26,42,19,13
181,6674,13-01-2022,21:50:00,29,32,41,40,21,27
182,6673,11-01-2022,21:50:00,27,9,37,38,12,25
183,6672,08-01-2022,21:50:00,47,40,26,38,12,19
184,6671,06-01-2022,21:50:00,18,6,2,42,38,4
185,6670,04-01-2022,21:50:00,32,45,16,37,1,25
186,6669,01-01-2022,21:50:00,32,48,6,29,11,4
187,6668,30-12-2021,21:50:00,31,41,5,3,44,26
188,6667,28-12-2021,21:50:00,11,39,36,4,29,5
189,6666,25-12-2021,21:50:00,46,14,1,10,7,12
190,6665,23-12-2021,21:50:00,48,3,23,13,19,49
191,6664,21-12-2021,21:50:00,46,11,42,5,12,37
192,6663,18-12-2021,21:50:00,4,33,15,13,44,11
193,6662,16-12-2021,21:50:00,38,47,26,29,25,16
194,6661,14-12-2021,21:50:00,3,6,15,37,44,47
195,6660,11-12-2021,21:50:00,2,4,9,13,18,23
196,6659,09-12-2021,21:50:00,3,13,18,24,38,40
197,6658,07-12-2021,21:50:00,9,20,29,33,45,48
198,6657,04-12-2021,21:50:00,5,13,43,17,39,11
199,6656,02-12-2021,21:50:00,23,16,6,4,19,11
200,6655,30-11-2021,21:50:00,34,36,31,39,27,26
201,6654,27-11-2021,21:50:00,28,22,6,39,20,13
202,6653,25-11-2021,21:50:00,15,45,47,13,8,23
203,6652,23-11-2021,21:50:00,49,18,19,2,17,11
204,6651,20-11-2021,21:50:00,21,48,39,27,38,3
205,6650,18-11-2021,21:50:00,25,18,29,17,35,6
206,6649,16-11-2021,21:50:00,47,9,34,6,25,1
207,6648,13-11-2021,21:50:00,34,35,17,47,3,21
208,6647,11-11-2021,21:50:00,17,41,35,4,16,30
209,6646,09-11-2021,21:50:00,37,9,30,7,6,19
210,6645,06-11-2021,21:50:00,24,35,48,15,42,23
211,6644,04-11-2021,21:50:00,10,41,1,9,31,39
212,6643,02-11-2021,21:50:00,3,40,36,18,30,25
213,6642,30-10-2021,21:50:00,12,34,39,30,24,43
214,6641,28-10-2021,21:50:00,33,28,39,23,47,43
215,6640,26-10-2021,21:50:00,19,27,18,25,39,29
216,6639,23-10-2021,21:50:00,35,24,21,33,32,1
217,6638,21-10-2021,21:50:00,25,33,17,23,27,19
218,6637,19-10-2021,21:50:00,36,17,33,38,32,23
219,6636,16-10-2021,21:50:00,31,24,7,15,4,34
220,6635,14-10-2021,21:50:00,24,35,11,34,27,10
221,6634,12-10-2021,21:50:00,30,5,4,48,31,21
222,6633,09-10-2021,21:50:00,29,42,10,6,24,18
223,6632,07-10-2021,21:50:00,37,41,26,11,35,49
224,6631,05-10-2021,21:50:00,3,43,40,22,1,47
225,6630,02-10-2021,21:50:00,34,12,6,30,8,26
226,6629,30-09-2021,21:50:00,22,3,4,46,37,15
227,6628,28-09-2021,21:50:00,46,3,8,2,39,40
228,6627,25-09-2021,21:50:00,18,8,31,15,3,41
229,6626,23-09-2021,21:50:00,13,44,8,17,6,12
230,6625,21-09-2021,21:50:00,15,40,1,9,44,2
231,6624,18-09-2021,21:50:00,18,39,22,15,20,11
232,6623,16-09-2021,21:50:00,32,34,27,49,39,2
233,6622,14-09-2021,21:50:00,34,41,18,29,45,10
234,6621,11-09-2021,21:50:00,9,18,34,39,32,35
235,6620,09-09-2021,21:50:00,10,2,16,23,3,13
236,6619,07-09-2021,21:50:00,38,23,43,15,14,42
237,6618,04-09-2021,21:50:00,49,32,44,47,12,21
238,6617,02-09-2021,21:50:00,11,36,1,29,5,31
239,6616,31-08-2021,21:50:00,3,11,47,22,26,20
240,6615,28-08-2021,21:50:00,49,39,1,28,38,9
241,6614,26-08-2021,21:50:00,10,23,30,42,44,27
242,6613,24-08-2021,21:50:00,46,45,20,6,3,31
243,6612,21-08-2021,21:50:00,17,13,27,33,46,41
244,6611,19-08-2021,21:50:00,17,12,23,13,46,48
245,6610,17-08-2021,21:50:00,4,6,36,25,9,29
246,6609,14-08-2021,21:50:00,31,1,39,3,21,28
247,6608,12-08-2021,21:50:00,37,30,5,42,27,41
248,6607,10-08-2021,21:50:00,45,7,11,16,28,39
249,6606,07-08-2021,21:50:00,18,42,23,3,36,47
250,6605,05-08-2021,21:50:00,35,27,5,9,15,14
251,6604,03-08-2021,21:50:00,25,47,31,45,6,27
252,6603,31-07-2021,21:50:00,48,42,28,44,18,26
253,6602,29-07-2021,21:50:00,46,19,14,30,34,35
254,6601,27-07-2021,21:50:00,39,3,5,49,46,14
255,6600,24-07-2021,21:50:00,38,28,9,36,49,3
256,6599,22-07-2021,21:50:00,23,9,1,19,4,32
257,6598,20-07-2021,21:50:00,39,8,22,40,2,18
258,6597,17-07-2021,21:50:00,4,44,14,43,36,37
259,6596,15-07-2021,21:50:00,26,34,45,44,40,3
260,6595,13-07-2021,21:50:00,21,18,20,22,37,2
261,6594,10-07-2021,21:50:00,35,13,10,44,28,23
262,6593,08-07-2021,21:50:00,37,4,44,48,38,5
263,6592,06-07-2021,21:50:00,4,15,38,43,26,39
264,6591,03-07-2021,21:50:00,8,9,38,1,17,16
265,6590,01-07-2021,21:50:00,48,46,41,42,47,17
266,6589,29-06-2021,21:50:00,21,2,29,33,45,4
267,6588,26-06-2021,21:50:00,22,13,45,2,47,31
268,6587,24-06-2021,21:50:00,25,45,36,18,37,23
269,6586,22-06-2021,21:50:00,13,17,21,4,28,22
270,6585,19-06-2021,21:50:00,49,43,36,7,40,2
271,6584,17-06-2021,21:50:00,35,18,49,6,23,15
272,6583,15-06-2021,21:50:00,29,49,14,12,17,27
273,6582,12-06-2021,21:50:00,46,10,39,48,23,25
274,6581,10-06-2021,21:50:00,30,21,24,16,47,10
275,6580,08-06-2021,21:50:00,12,1,36,18,44,27
276,6579,05-06-2021,21:50:00,10,8,39,43,1,47
277,6578,03-06-2021,21:50:00,8,49,24,32,37,30
278,6577,01-06-2021,21:50:00,46,9,17,43,41,10
279,6576,29-05-2021,21:50:00,40,37,17,23,29,36
280,6575,27-05-2021,21:50:00,34,27,28,16,14,49
281,6574,25-05-2021,21:50:00,45,49,32,38,35,48
282,6573,22-05-2021,21:50:00,41,48,5,26,49,29
283,6572,20-05-2021,21:50:00,25,36,31,28,21,16
284,6571,18-05-2021,21:50:00,15,24,45,12,6,42
285,6570,15-05-2021,21:50:00,25,39,19,48,11,23
286,6569,13-05-2021,21:50:00,33,13,7,36,11,21
287,6568,11-05-2021,21:50:00,43,30,22,13,3,28
288,6567,08-05-2021,21:50:00,31,41,6,17,14,43
289,6566,06-05-2021,21:50:00,45,48,43,15,44,40
290,6565,04-05-2021,21:50:00,49,44,14,34,10,17
291,6564,01-05-2021,21:50:00,14,46,32,12,22,13
292,6563,29-04-2021,21:50:00,19,46,9,21,4,23
293,6562,27-04-2021,21:50:00,20,7,32,41,30,24
294,6561,24-04-2021,21:50:00,22,44,28,42,21,39
295,6560,22-04-2021,21:50:00,35,25,27,45,23,5
296,6559,20-04-2021,21:50:00,10,28,35,44,39,25
297,6558,17-04-2021,21:50:00,39,6,4,42,46,11
298,6557,15-04-2021,21:50:00,29,26,11,16,30,35
299,6556,13-04-2021,21:50:00,37,14,9,6,10,26
300,6555,10-04-2021,21:50:00,8,13,22,25,16,15
301,6554,08-04-2021,21:50:00,15,44,17,3,13,16
302,6553,06-04-2021,21:50:00,16,24,43,38,28,10
303,6552,03-04-2021,21:50:00,10,29,28,1,46,30
304,6551,01-04-2021,21:50:00,7,22,11,44,5,33
305,6550,30-03-2021,21:50:00,8,14,31,22,44,24
306,6549,27-03-2021,21:50:00,25,47,5,6,41,19
307,6548,25-03-2021,21:50:00,20,27,33,22,5,48
308,6547,23-03-2021,21:50:00,16,25,36,23,8,39
309,6546,20-03-2021,21:50:00,43,7,33,13,36,26
310,6545,18-03-2021,21:50:00,20,25,40,10,45,22
311,6544,16-03-2021,21:50:00,49,18,9,31,14,35
312,6543,13-03-2021,21:50:00,27,18,15,6,21,9
313,6542,11-03-2021,21:50:00,23,34,28,30,17,31
314,6541,09-03-2021,21:50:00,3,17,39,44,41,12
315,6540,06-03-2021,21:50:00,6,32,20,30,43,36
316,6539,04-03-2021,21:50:00,6,14,22,21,2,44
317,6538,02-03-2021,21:50:00,49,13,15,38,40,30
318,6537,27-02-2021,21:50:00,44,48,16,17,49,20
319,6536,25-02-2021,21:50:00,25,16,22,49,2,11
320,6535,23-02-2021,21:50:00,42,35,3,16,4,38
321,6534,20-02-2021,21:50:00,38,46,35,45,41,32
322,6533,18-02-2021,21:50:00,20,18,48,37,22,10
323,6532,16-02-2021,21:50:00,46,42,37,27,29,45
324,6531,13-02-2021,21:50:00,20,13,10,21,32,22
325,6530,11-02-2021,21:50:00,45,44,18,35,10,31
326,6529,09-02-2021,21:50:00,2,11,8,16,34,20
327,6528,06-02-2021,21:50:00,39,47,41,49,34,15
328,6527,04-02-2021,21:50:00,34,2,28,49,15,7
329,6526,02-02-2021,21:50:00,15,40,32,7,29,24
330,6525,30-01-2021,21:50:00,46,35,14,2,18,12
331,6524,28-01-2021,21:50:00,48,15,44,41,32,3
332,6523,26-01-2021,21:50:00,10,20,31,30,13,19
333,6522,23-01-2021,21:50:00,9,10,25,29,46,15
334,6521,21-01-2021,21:50:00,27,30,18,8,23,31
335,6520,19-01-2021,21:50:00,23,16,18,7,21,11
336,6519,16-01-2021,21:50:00,49,43,12,26,4,19
337,6518,14-01-2021,21:50:00,14,24,13,32,3,45
338,6517,12-01-2021,21:50:00,7,9,34,45,25,5
339,6516,09-01-2021,21:50:00,46,35,7,20,15,36
340,6515,07-01-2021,21:50:00,4,40,6,49,23,34
341,6514,05-01-2021,21:50:00,19,21,38,20,40,4
342,6513,02-01-2021,21:50:00,27,44,17,35,13,8
343,6512,31-12-2020,21:50:00,37,3,39,36,31,29
344,6511,29-12-2020,21:50:00,4,27,39,29,31,49
345,6510,26-12-2020,21:50:00,11,27,9,5,33,41
346,6509,24-12-2020,21:50:00,32,16,48,30,8,28
347,6508,22-12-2020,21:50:00,8,33,17,13,31,46
348,6507,19-12-2020,21:50:00,3,32,38,16,36,35
349,6506,17-12-2020,21:50:00,3,40,47,12,5,2
350,6505,15-12-2020,21:50:00,35,45,12,1,3,11
351,6504,12-12-2020,21:50:00,5,41,13,12,37,40
352,6503,10-12-2020,21:50:00,24,23,29,9,28,6
353,6502,08-12-2020,21:50:00,34,40,1,3,18,29
354,6501,05-12-2020,21:50:00,12,30,3,17,23,25
355,6500,03-12-2020,21:50:00,1,45,20,44,27,46
356,6499,01-12-2020,21:50:00,29,24,22,27,9,37
357,6498,28-11-2020,21:50:00,12,23,33,3,39,9
358,6497,26-11-2020,21:50:00,23,7,40,35,27,12
359,6496,24-11-2020,21:50:00,5,6,27,37,34,9
360,6495,21-11-2020,21:50:00,35,49,28,32,40,27
361,6494,19-11-2020,21:50:00,38,40,16,39,45,47
362,6493,17-11-2020,21:50:00,26,17,13,4,30,5
363,6492,14-11-2020,21:50:00,40,25,49,11,8,7
364,6491,12-11-2020,21:50:00,35,24,44,46,38,8
365,6490,10-11-2020,21:50:00,5,25,16,31,3,39
366,6489,07-11-2020,21:50:00,4,43,30,10,13,49
367,6488,05-11-2020,21:50:00,47,41,36,3,43,17
368,6487,03-11-2020,21:50:00,26,17,5,25,31,36
369,6486,31-10-2020,21:50:00,10,43,32,15,39,25
370,6485,29-10-2020,21:50:00,21,34,43,44,25,47
371,6484,27-10-2020,21:50:00,30,10,2,40,32,43
372,6483,24-10-2020,21:50:00,7,46,48,12,47,32
373,6482,22-10-2020,21:50:00,49,2,33,48,24,47
374,6481,20-10-2020,21:50:00,15,19,21,17,44,22
375,6480,17-10-2020,21:50:00,29,34,8,12,36,28
376,6479,15-10-2020,21:50:00,25,46,48,39,49,31
377,6478,13-10-2020,21:50:00,38,4,7,17,10,32
378,6477,10-10-2020,21:50:00,14,2,16,22,31,10
379,6476,08-10-2020,21:50:00,38,21,15,46,1,48
380,6475,06-10-2020,21:50:00,20,14,30,17,2,18
381,6474,03-10-2020,21:50:00,27,4,14,45,31,46
382,6473,01-10-2020,21:50:00,25,36,22,24,2,13
383,6472,29-09-2020,21:50:00,45,33,20,31,24,12
384,6471,26-09-2020,21:50:00,12,39,27,31,46,38
385,6470,24-09-2020,21:50:00,25,27,19,18,23,16
386,6469,22-09-2020,21:50:00,36,10,46,22,40,30
387,6468,19-09-2020,21:50:00,24,30,39,4,31,23
388,6467,17-09-2020,21:50:00,44,33,6,7,10,1
389,6466,15-09-2020,21:50:00,16,30,13,14,3,44
390,6465,12-09-2020,21:50:00,33,27,29,2,20,45
391,6464,10-09-2020,21:50:00,28,13,7,33,8,20
392,6463,08-09-2020,21:50:00,7,29,15,49,30,3
393,6462,05-09-2020,21:50:00,46,39,49,37,9,32
394,6461,03-09-2020,21:50:00,25,6,16,14,4,27
395,6460,01-09-2020,21:50:00,21,43,22,25,30,47
396,6459,29-08-2020,21:50:00,18,33,32,3,24,2
397,6458,27-08-2020,21:50:00,29,27,25,46,17,18
398,6457,25-08-2020,21:50:00,20,36,39,48,47,23
399,6456,22-08-2020,21:50:00,34,23,32,47,49,8
400,6455,20-08-2020,21:50:00,13,27,12,31,20,6
401,6454,18-08-2020,21:50:00,48,46,28,31,19,15
402,6453,15-08-2020,21:50:00,39,27,6,4,26,30
403,6452,13-08-2020,21:50:00,34,28,31,9,41,14
404,6451,11-08-2020,21:50:00,21,23,4,13,44,31
405,6450,08-08-2020,21:50:00,7,6,29,14,28,4
406,6449,06-08-2020,21:50:00,16,17,11,31,20,39
407,6448,04-08-2020,21:50:00,3,17,35,20,10,37
408,6447,01-08-2020,21:50:00,34,39,40,10,49,46
409,6446,30-07-2020,21:50:00,49,36,16,19,26,10
410,6445,28-07-2020,21:50:00,11,34,43,14,25,23
411,6444,25-07-2020,21:50:00,42,13,10,7,38,41
412,6443,23-07-2020,21:50:00,40,41,39,10,18,29
413,6442,21-07-2020,21:50:00,24,12,28,35,2,8
414,6441,18-07-2020,21:50:00,7,19,35,24,37,41
415,6440,16-07-2020,21:50:00,10,39,2,13,42,33
416,6439,14-07-2020,21:50:00,34,36,35,47,30,33
417,6438,11-07-2020,21:50:00,1,21,45,15,13,3
418,6437,09-07-2020,21:50:00,29,35,24,27,18,21
419,6436,07-07-2020,21:50:00,30,49,38,15,16,45
420,6435,04-07-2020,21:50:00,45,21,30,41,14,27
421,6434,02-07-2020,21:50:00,1,30,38,27,35,28
422,6433,30-06-2020,21:50:00,30,37,15,5,10,8
423,6432,27-06-2020,21:50:00,27,14,31,38,35,19
424,6431,25-06-2020,21:50:00,29,18,14,26,42,20
425,6430,23-06-2020,21:50:00,22,31,38,20,49,13
426,6429,20-06-2020,21:50:00,44,13,14,25,16,23
427,6428,18-06-2020,21:50:00,40,45,18,48,27,5
428,6427,16-06-2020,21:40:00,28,3,49,27,45,40
429,6426,13-06-2020,21:40:00,25,42,16,18,31,35
430,6425,11-06-2020,21:40:00,32,31,30,16,33,47
431,6424,09-06-2020,21:40:00,9,36,40,44,39,11
432,6423,06-06-2020,21:40:00,1,6,44,23,42,46
433,6422,04-06-2020,21:40:00,17,14,10,37,22,2
434,6421,02-06-2020,21:40:00,20,42,17,44,9,25
435,6420,30-05-2020,21:40:00,26,39,40,33,2,7
436,6419,28-05-2020,21:40:00,42,38,23,44,37,22
437,6418,26-05-2020,21:40:00,20,14,18,46,42,37
438,6417,23-05-2020,21:40:00,19,5,47,29,2,31
439,6416,21-05-2020,21:40:00,30,47,2,36,4,12
440,6415,19-05-2020,21:40:00,44,2,33,22,38,5
441,6414,16-05-2020,21:40:00,10,15,40,26,28,37
442,6413,14-05-2020,21:40:00,3,12,8,21,11,33
443,6412,12-05-2020,21:40:00,46,4,27,49,18,35
444,6411,09-05-2020,21:40:00,6,18,28,2,15,36
445,6410,07-05-2020,21:40:00,31,16,36,43,44,34
446,6409,05-05-2020,21:40:00,17,49,30,48,42,26
447,6408,02-05-2020,21:40:00,25,18,43,8,32,31
448,6407,30-04-2020,21:40:00,32,48,44,43,15,29
449,6406,28-04-2020,21:40:00,30,48,40,25,21,14
450,6405,25-04-2020,21:40:00,46,20,11,28,32,33
451,6404,23-04-2020,21:40:00,42,46,24,27,48,3
452,6403,21-04-2020,21:40:00,42,45,7,49,44,29
453,6402,18-04-2020,21:40:00,1,2,28,46,3,36
454,6401,16-04-2020,21:40:00,19,36,43,35,44,45
455,6400,14-04-2020,21:40:00,35,22,42,23,49,8
456,6399,11-04-2020,21:40:00,39,20,28,18,46,11
457,6398,09-04-2020,21:40:00,27,24,43,39,48,26
458,6397,07-04-2020,21:40:00,4,35,19,10,15,29
459,6396,04-04-2020,21:40:00,25,48,35,22,39,38
460,6395,02-04-2020,21:40:00,35,4,9,46,23,42
461,6394,31-03-2020,21:40:00,11,32,18,43,4,42
462,6393,28-03-2020,21:40:00,33,16,35,38,49,6
463,6392,26-03-2020,21:40:00,47,6,24,43,45,12
464,6391,24-03-2020,21:40:00,48,14,34,28,36,17
465,6390,21-03-2020,21:40:00,48,35,17,34,3,16
466,6389,19-03-2020,21:40:00,16,30,7,21,45,4
467,6388,17-03-2020,21:40:00,20,41,35,9,46,42
468,6387,14-03-2020,21:40:00,3,31,27,40,38,17
469,6386,12-03-2020,21:40:00,3,47,27,44,43,42
470,6385,10-03-2020,21:40:00,30,1,6,11,17,46
471,6384,07-03-2020,21:40:00,29,45,4,25,32,22
472,6383,05-03-2020,21:40:00,28,41,37,25,46,15
473,6382,03-03-2020,21:40:00,33,37,23,19,45,20
474,6381,29-02-2020,21:40:00,27,45,13,38,11,15
475,6380,27-02-2020,21:40:00,45,20,34,1,3,8
476,6379,25-02-2020,21:40:00,45,38,2,32,21,34
477,6378,22-02-2020,21:40:00,29,40,30,35,38,8
478,6377,20-02-2020,21:40:00,31,22,24,17,48,39
479,6376,18-02-2020,21:40:00,14,28,45,49,4,9
480,6375,15-02-2020,21:40:00,21,26,34,42,24,10
481,6374,13-02-2020,21:40:00,48,35,8,33,20,42
482,6373,11-02-2020,21:40:00,21,30,31,42,16,39
483,6372,08-02-2020,21:40:00,9,27,6,46,29,41
484,6371,06-02-2020,21:40:00,17,8,40,2,13,20
485,6370,04-02-2020,21:40:00,3,16,25,38,32,6
486,6369,01-02-2020,21:40:00,12,30,2,49,16,48
487,6368,30-01-2020,21:40:00,25,5,6,49,17,20
488,6367,28-01-2020,21:40:00,16,40,20,1,18,11
489,6366,25-01-2020,21:40:00,5,49,3,24,44,45
490,6365,23-01-2020,21:40:00,36,34,24,28,45,48
491,6364,21-01-2020,21:40:00,8,22,29,49,10,17
492,6363,18-01-2020,21:40:00,37,31,10,28,6,24
493,6362,16-01-2020,21:40:00,44,47,2,23,13,12
494,6361,14-01-2020,21:40:00,9,44,29,37,46,14
495,6360,11-01-2020,21:40:00,35,45,44,34,43,33
496,6359,09-01-2020,21:40:00,29,26,17,8,7,43
497,6358,07-01-2020,21:40:00,44,37,7,23,12,11
498,6357,04-01-2020,21:40:00,3,14,11,4,36,8
499,6356,02-01-2020,21:40:00,10,36,35,11,34,23
500,6355,31-12-2019,21:40:00,20,12,19,45,36,13
501,6354,28-12-2019,21:40:00,21,17,46,14,20,11
502,6353,26-12-2019,21:40:00,19,5,34,11,6,44
503,6352,24-12-2019,21:40:00,26,4,33,6,1,47
504,6351,21-12-2019,21:40:00,48,19,6,46,24,18
505,6350,19-12-2019,21:40:00,17,16,5,34,46,13
506,6349,17-12-2019,21:40:00,45,19,9,34,49,36
507,6348,14-12-2019,21:40:00,34,1,38,27,44,36
508,6347,12-12-2019,21:40:00,42,13,46,22,49,26
509,6346,10-12-2019,21:40:00,35,29,19,31,24,37
510,6345,07-12-2019,21:40:00,15,20,34,3,43,26
511,6344,05-12-2019,21:40:00,37,3,2,29,18,43
512,6343,03-12-2019,21:40:00,1,49,30,39,11,34
513,6342,30-11-2019,21:40:00,12,43,17,8,42,1
514,6341,28-11-2019,21:40:00,20,14,22,38,19,25
515,6340,26-11-2019,21:40:00,34,49,16,18,19,26
516,6339,23-11-2019,21:40:00,42,19,28,11,37,33
517,6338,21-11-2019,21:40:00,29,39,23,42,38,26
518,6337,19-11-2019,21:40:00,22,11,30,13,28,26
519,6336,16-11-2019,21:40:00,12,7,1,42,8,5
520,6335,14-11-2019,21:40:00,5,44,15,17,27,11
521,6334,12-11-2019,21:40:00,43,49,42,36,39,2
522,6333,09-11-2019,21:40:00,18,5,44,42,26,23
523,6332,07-11-2019,21:40:00,48,26,10,25,32,29
524,6331,05-11-2019,21:40:00,19,40,38,45,35,11
525,6330,02-11-2019,21:40:00,41,7,26,45,23,46
526,6329,31-10-2019,21:40:00,17,48,4,47,35,42
527,6328,29-10-2019,21:40:00,14,2,40,47,12,17
528,6327,26-10-2019,21:40:00,8,34,24,48,20,35
529,6326,24-10-2019,21:40:00,26,10,12,44,6,43
530,6325,22-10-2019,21:40:00,1,19,40,22,48,16
531,6324,19-10-2019,21:40:00,40,46,36,19,37,20
532,6323,17-10-2019,21:40:00,28,25,38,22,32,47
533,6322,15-10-2019,21:40:00,21,16,5,38,27,31
534,6321,12-10-2019,21:40:00,7,21,18,17,42,20
535,6320,10-10-2019,21:40:00,37,30,27,24,34,32
536,6319,08-10-2019,21:40:00,13,48,15,45,44,2
537,6318,05-10-2019,21:40:00,48,16,15,39,30,10
538,6317,03-10-2019,21:40:00,41,3,7,17,5,21
539,6316,01-10-2019,21:40:00,40,33,44,2,38,3
540,6315,28-09-2019,21:40:00,36,38,13,33,3,41
541,6314,26-09-2019,21:40:00,19,7,44,6,14,37
542,6313,24-09-2019,21:40:00,34,45,16,26,18,29
543,6312,21-09-2019,21:40:00,35,47,43,2,19,24
544,6311,19-09-2019,21:40:00,9,31,34,27,45,46
545,6310,17-09-2019,21:40:00,49,44,27,37,8,39
546,6309,14-09-2019,21:40:00,24,7,47,43,4,42
547,6308,12-09-2019,21:40:00,14,10,31,38,22,8
548,6307,10-09-2019,21:40:00,26,47,41,24,19,15
549,6306,07-09-2019,21:40:00,9,18,28,30,39,22
550,6305,05-09-2019,21:40:00,36,43,2,9,47,44
551,6304,03-09-2019,21:40:00,45,21,7,5,4,6
552,6303,31-08-2019,21:40:00,1,45,18,47,29,42
553,6302,29-08-2019,21:40:00,30,40,19,41,45,44
554,6301,27-08-2019,21:40:00,27,17,47,31,35,28
555,6300,24-08-2019,21:40:00,25,4,19,20,22,9
556,6299,22-08-2019,21:40:00,34,16,42,19,3,10
557,6298,20-08-2019,21:40:00,24,27,14,45,32,28
558,6297,17-08-2019,21:40:00,19,25,27,40,34,6
559,6296,15-08-2019,21:40:00,40,48,24,21,9,14
560,6295,13-08-2019,21:40:00,5,8,3,37,32,49
561,6294,10-08-2019,21:40:00,8,47,19,36,14,44
562,6293,08-08-2019,21:40:00,18,30,45,7,39,48
563,6292,06-08-2019,21:40:00,39,40,4,3,43,24
564,6291,03-08-2019,21:40:00,37,45,19,32,17,20
565,6290,01-08-2019,21:40:00,11,37,12,7,25,15
566,6289,30-07-2019,21:40:00,7,21,13,3,17,5
567,6288,27-07-2019,21:40:00,5,37,29,33,43,16
568,6287,25-07-2019,21:40:00,1,19,40,5,48,17
569,6286,23-07-2019,21:40:00,38,1,49,11,8,7
570,6285,20-07-2019,21:40:00,22,49,42,20,23,6
571,6284,18-07-2019,21:40:00,37,44,25,15,43,48
572,6283,16-07-2019,21:40:00,4,46,28,8,39,41
573,6282,13-07-2019,21:40:00,25,3,27,16,49,18
574,6281,11-07-2019,21:40:00,25,2,11,44,31,19
575,6280,09-07-2019,21:40:00,10,27,48,32,41,34
576,6279,06-07-2019,21:40:00,13,20,42,39,3,32
577,6278,04-07-2019,21:40:00,26,7,48,37,33,20
578,6277,02-07-2019,21:40:00,29,33,8,30,47,6
579,6276,29-06-2019,21:40:00,17,42,38,21,37,49
580,6275,27-06-2019,21:40:00,23,13,17,24,22,29
581,6274,25-06-2019,21:40:00,28,26,45,47,32,18
582,6273,22-06-2019,21:40:00,24,4,30,10,1,6
583,6272,20-06-2019,21:40:00,45,18,15,39,4,14
584,6271,18-06-2019,21:40:00,1,42,21,36,3,49
585,6270,15-06-2019,21:40:00,19,22,33,12,28,3
586,6269,13-06-2019,21:40:00,23,47,45,12,3,43
587,6268,11-06-2019,21:40:00,49,3,28,17,13,42
588,6267,08-06-2019,21:40:00,17,3,35,26,48,1
589,6266,06-06-2019,21:40:00,2,44,43,34,25,31
590,6265,04-06-2019,21:40:00,44,49,6,5,4,34
591,6264,01-06-2019,21:40:00,36,30,3,9,5,39
592,6263,30-05-2019,21:40:00,9,46,36,17,18,33
593,6262,28-05-2019,21:40:00,10,40,28,12,18,45
594,6261,25-05-2019,21:40:00,37,39,20,49,5,26
595,6260,23-05-2019,21:40:00,32,29,17,25,41,18
596,6259,21-05-2019,21:40:00,3,26,10,40,9,25
597,6258,18-05-2019,21:40:00,24,46,37,13,31,19
598,6257,16-05-2019,21:40:00,10,22,39,11,3,30
599,6256,14-05-2019,21:40:00,18,2,20,25,37,8
600,6255,11-05-2019,21:40:00,31,17,29,47,2,16
601,6254,09-05-2019,21:40:00,24,20,1,42,10,21
602,6253,07-05-2019,21:40:00,36,16,44,19,7,21
603,6252,04-05-2019,21:40:00,27,41,8,40,46,25
604,6251,02-05-2019,21:40:00,22,3,31,32,23,21
605,6250,30-04-2019,21:40:00,33,25,34,28,45,46
606,6249,27-04-2019,21:40:00,26,2,29,31,1,19
607,6248,25-04-2019,21:40:00,34,10,49,32,8,35
608,6247,23-04-2019,21:40:00,32,30,11,33,36,9
609,6246,20-04-2019,21:40:00,22,1,19,40,39,18
610,6245,18-04-2019,21:40:00,13,19,37,40,45,8
611,6244,16-04-2019,21:40:00,42,37,22,31,14,26
612,6243,13-04-2019,21:40:00,29,26,25,36,24,40
613,6242,11-04-2019,21:40:00,24,16,40,45,2,44
614,6241,09-04-2019,21:40:00,43,27,20,47,22,16
615,6240,06-04-2019,21:40:00,7,25,2,35,3,32
616,6239,04-04-2019,21:40:00,15,38,28,3,29,2
617,6238,02-04-2019,21:40:00,46,44,27,19,34,1
618,6237,30-03-2019,21:40:00,31,34,17,46,8,6
619,6236,28-03-2019,21:40:00,31,39,21,20,12,16
620,6235,26-03-2019,21:40:00,24,5,6,13,26,40
621,6234,23-03-2019,21:40:00,36,40,25,9,47,14
622,6233,21-03-2019,21:40:00,4,1,49,48,5,9
623,6232,19-03-2019,21:40:00,18,29,28,25,8,22
624,6231,16-03-2019,21:40:00,14,42,33,45,16,39
625,6230,14-03-2019,21:40:00,2,14,18,43,25,6
626,6229,12-03-2019,21:40:00,25,44,1,15,36,12
627,6228,09-03-2019,21:40:00,37,3,23,7,24,10
628,6227,07-03-2019,21:40:00,22,35,18,24,14,11
629,6226,05-03-2019,21:40:00,6,43,4,25,49,18
630,6225,02-03-2019,21:40:00,3,6,49,43,47,45
631,6224,28-02-2019,21:40:00,45,8,42,27,2,4
632,6223,26-02-2019,21:40:00,27,28,33,44,14,13
633,6222,23-02-2019,21:40:00,46,6,18,1,4,44
634,6221,21-02-2019,21:40:00,6,23,30,40,44,42
635,6220,19-02-2019,21:40:00,16,19,40,30,39,3
636,6219,16-02-2019,21:40:00,21,49,11,40,34,33
637,6218,14-02-2019,21:40:00,20,39,30,35,38,23
638,6217,12-02-2019,21:40:00,49,4,16,47,5,41
639,6216,09-02-2019,21:40:00,30,16,40,6,46,15
640,6215,07-02-2019,21:40:00,44,45,42,38,3,10
641,6214,05-02-2019,21:40:00,24,25,26,42,4,18
642,6213,02-02-2019,21:40:00,40,10,26,7,30,37
643,6212,31-01-2019,21:40:00,23,9,1,10,31,43
644,6211,29-01-2019,21:40:00,31,18,34,29,35,17
645,6210,26-01-2019,21:40:00,18,47,21,3,29,8
646,6209,24-01-2019,21:40:00,33,1,12,30,27,21
647,6208,22-01-2019,21:40:00,33,13,31,38,21,49
648,6207,19-01-2019,21:40:00,3,7,30,4,25,37
649,6206,17-01-2019,21:40:00,11,28,2,18,36,20
650,6205,15-01-2019,21:40:00,42,28,8,31,37,26
651,6204,12-01-2019,21:40:00,43,23,21,10,17,20
652,6203,10-01-2019,21:40:00,12,5,28,19,32,23
653,6202,08-01-2019,21:40:00,9,44,40,16,22,19
654,6201,05-01-2019,21:40:00,2,29,22,41,1,11
655,6200,03-01-2019,21:40:00,37,46,17,13,30,29
656,6199,01-01-2019,21:40:00,36,7,25,12,45,22
657,6198,29-12-2018,21:40:00,35,48,24,10,37,41
658,6197,27-12-2018,21:40:00,34,31,1,20,12,49
659,6196,25-12-2018,21:40:00,45,12,47,34,3,40
660,6195,22-12-2018,21:40:00,43,41,10,23,32,2
661,6194,20-12-2018,21:40:00,6,8,19,48,28,33
662,6193,18-12-2018,21:40:00,21,40,38,5,13,43
663,6192,15-12-2018,21:40:00,22,26,6,35,32,1
664,6191,13-12-2018,21:40:00,18,4,10,15,11,7
665,6190,11-12-2018,21:40:00,19,13,40,20,28,34
666,6189,08-12-2018,21:40:00,28,29,39,37,1,8
667,6188,06-12-2018,21:40:00,48,32,1,30,42,43
668,6187,04-12-2018,21:40:00,16,39,33,32,2,14
669,6186,01-12-2018,21:40:00,6,4,16,28,1,41
670,6185,29-11-2018,21:40:00,20,38,12,26,46,7
671,6184,27-11-2018,21:40:00,8,5,26,43,44,33
672,6183,24-11-2018,21:40:00,3,34,9,4,48,21
673,6182,22-11-2018,21:40:00,42,25,19,4,38,20
674,6181,20-11-2018,21:40:00,6,9,3,13,12,32
675,6180,17-11-2018,21:40:00,34,24,17,40,36,21
676,6179,15-11-2018,21:40:00,2,32,49,16,18,23
677,6178,13-11-2018,21:40:00,29,38,43,9,31,44
678,6177,10-11-2018,21:40:00,18,2,8,36,49,6
679,6176,08-11-2018,21:40:00,37,8,21,40,38,4
680,6175,06-11-2018,21:40:00,39,21,24,40,38,49
681,6174,03-11-2018,21:40:00,9,23,47,40,42,1
682,6173,01-11-2018,21:40:00,24,25,16,26,10,9
683,6172,30-10-2018,21:40:00,33,28,43,30,49,25
684,6171,27-10-2018,21:40:00,8,14,32,44,11,25
685,6170,25-10-2018,21:40:00,20,32,16,47,41,46
686,6169,23-10-2018,21:40:00,44,26,41,23,35,42
687,6168,20-10-2018,21:40:00,9,30,14,21,24,44
688,6167,18-10-2018,21:40:00,26,2,11,33,10,48
689,6166,16-10-2018,21:40:00,4,23,18,34,43,17
690,6165,13-10-2018,21:40:00,19,15,6,13,20,3
691,6164,11-10-2018,21:40:00,38,45,42,2,36,15
692,6163,09-10-2018,21:40:00,49,25,16,45,34,2
693,6162,06-10-2018,21:40:00,45,23,3,9,7,29
694,6161,04-10-2018,21:40:00,43,20,16,47,30,21
695,6160,02-10-2018,21:40:00,38,7,23,33,16,46
696,6159,29-09-2018,21:40:00,30,10,11,13,27,46
697,6158,27-09-2018,21:40:00,3,19,32,34,8,45
698,6157,25-09-2018,21:40:00,24,35,3,39,36,46
699,6156,22-09-2018,21:40:00,48,23,46,43,25,27
700,6155,20-09-2018,21:40:00,38,34,44,26,16,27
701,6154,18-09-2018,21:40:00,11,9,33,29,20,24
702,6153,15-09-2018,21:40:00,8,7,47,3,32,39
703,6152,13-09-2018,21:40:00,10,41,1,32,14,44
704,6151,11-09-2018,21:40:00,18,25,5,43,48,34
705,6150,08-09-2018,21:40:00,23,44,27,45,31,7
706,6149,06-09-2018,21:40:00,5,36,10,49,33,18
707,6148,04-09-2018,21:40:00,22,4,33,8,3,48
708,6147,01-09-2018,21:40:00,44,42,33,20,14,26
709,6146,30-08-2018,21:40:00,14,6,17,42,46,25
710,6145,28-08-2018,21:40:00,46,7,20,24,22,1
711,6144,25-08-2018,21:40:00,23,24,36,27,45,48
712,6143,23-08-2018,21:40:00,24,3,11,36,25,28
713,6142,21-08-2018,21:40:00,1,42,26,37,22,12
714,6141,18-08-2018,21:40:00,3,13,19,40,33,26
715,6140,16-08-2018,21:40:00,19,29,22,11,48,41
716,6139,14-08-2018,21:40:00,27,37,32,34,49,6
717,6138,11-08-2018,21:40:00,46,14,31,21,20,43
718,6137,09-08-2018,21:40:00,24,49,23,39,3,30
719,6136,07-08-2018,21:40:00,42,36,10,23,15,16
720,6135,04-08-2018,21:40:00,33,6,49,15,2,28
721,6134,02-08-2018,21:40:00,35,32,15,24,48,42
722,6133,31-07-2018,21:40:00,46,1,18,31,19,22
723,6132,28-07-2018,21:40:00,49,11,42,45,43,28
724,6131,26-07-2018,21:40:00,8,24,11,26,6,19
725,6130,24-07-2018,21:40:00,4,14,44,31,28,26
726,6129,21-07-2018,21:40:00,41,22,35,26,37,27
727,6128,19-07-2018,21:40:00,24,42,1,9,46,11
728,6127,17-07-2018,21:40:00,29,20,45,23,22,31
729,6126,14-07-2018,21:40:00,11,42,4,26,29,20
730,6125,12-07-2018,21:40:00,42,10,24,44,13,9
731,6124,10-07-2018,21:40:00,14,15,22,4,9,18
732,6123,07-07-2018,21:40:00,23,20,33,22,13,42
733,6122,05-07-2018,21:40:00,33,2,27,13,32,24
734,6121,03-07-2018,21:40:00,49,46,10,21,2,44
735,6120,30-06-2018,21:40:00,17,15,3,42,49,32
736,6119,28-06-2018,21:40:00,47,14,46,2,17,19
737,6118,26-06-2018,21:40:00,24,48,28,29,27,20
738,6117,23-06-2018,21:40:00,12,32,20,1,29,21
739,6116,21-06-2018,21:40:00,24,41,12,3,29,34
740,6115,19-06-2018,21:40:00,22,19,20,4,43,10
741,6114,16-06-2018,21:40:00,10,42,22,47,38,16
742,6113,14-06-2018,21:40:00,30,8,35,15,21,49
743,6112,12-06-2018,21:40:00,21,43,16,4,27,1
744,6111,09-06-2018,21:40:00,24,26,34,16,45,4
745,6110,07-06-2018,21:40:00,40,4,16,48,10,11
746,6109,05-06-2018,21:40:00,26,42,37,41,17,39
747,6108,02-06-2018,21:40:00,46,8,11,39,21,45
748,6107,31-05-2018,21:40:00,19,37,36,41,10,29
749,6106,29-05-2018,21:40:00,23,18,48,7,25,34
750,6105,26-05-2018,21:40:00,16,43,47,15,36,13
751,6104,24-05-2018,21:40:00,43,6,16,9,17,40
752,6103,22-05-2018,21:40:00,13,36,35,2,43,33
753,6102,19-05-2018,21:40:00,13,30,38,31,49,2
754,6101,17-05-2018,21:40:00,4,43,19,32,46,7
755,6100,15-05-2018,21:40:00,45,13,48,38,5,10
756,6099,12-05-2018,21:40:00,18,13,36,27,33,43
757,6098,10-05-2018,21:40:00,20,24,33,42,38,5
758,6097,08-05-2018,21:40:00,17,31,35,39,4,33
759,6096,05-05-2018,21:40:00,1,16,44,14,18,33
760,6095,03-05-2018,21:40:00,47,33,17,7,41,45
761,6094,01-05-2018,21:40:00,42,1,34,49,28,33
762,6093,28-04-2018,21:40:00,25,35,18,1,20,46
763,6092,26-04-2018,21:40:00,43,37,41,12,22,7
764,6091,24-04-2018,21:40:00,36,24,49,45,19,20
765,6090,21-04-2018,21:40:00,21,9,24,12,30,16
766,6089,19-04-2018,21:40:00,25,3,18,22,6,43
767,6088,17-04-2018,21:40:00,44,31,13,39,11,8
768,6087,14-04-2018,21:40:00,44,12,45,9,26,11
769,6086,12-04-2018,21:40:00,30,42,6,40,8,35
770,6085,10-04-2018,21:40:00,44,34,25,33,12,14
771,6084,07-04-2018,21:40:00,28,16,31,48,9,11
772,6083,05-04-2018,21:40:00,42,13,41,23,26,9
773,6082,03-04-2018,21:40:00,1,38,10,16,36,3
774,6081,31-03-2018,21:40:00,43,14,42,37,11,26
775,6080,29-03-2018,21:40:00,8,12,26,20,40,23
776,6079,27-03-2018,21:40:00,22,16,9,21,20,27
777,6078,24-03-2018,21:40:00,15,31,38,41,9,12
778,6077,22-03-2018,21:40:00,8,5,4,34,18,35
779,6076,20-03-2018,21:40:00,14,28,20,37,15,33
780,6075,17-03-2018,21:40:00,10,47,27,32,1,44
781,6074,15-03-2018,21:40:00,36,18,42,39,31,47
782,6073,13-03-2018,21:40:00,26,35,45,9,49,39
783,6072,10-03-2018,21:40:00,34,35,5,26,36,2
784,6071,08-03-2018,21:40:00,8,49,21,10,7,20
785,6070,06-03-2018,21:40:00,17,11,29,9,18,5
786,6069,03-03-2018,21:40:00,8,31,18,45,39,3
787,6068,01-03-2018,21:40:00,43,39,32,36,17,2
788,6067,27-02-2018,21:40:00,47,22,6,28,39,38
789,6066,24-02-2018,21:40:00,35,12,39,45,44,42
790,6065,22-02-2018,21:40:00,43,6,27,38,44,40
791,6064,20-02-2018,21:40:00,18,7,49,14,16,44
792,6063,17-02-2018,21:40:00,12,49,42,35,3,34
793,6062,15-02-2018,21:40:00,38,8,20,12,7,10
794,6061,13-02-2018,21:40:00,8,42,45,29,23,25
795,6060,10-02-2018,21:40:00,36,28,4,19,5,15
796,6059,08-02-2018,21:40:00,37,41,39,9,11,5
797,6058,06-02-2018,21:40:00,21,44,27,7,5,34
798,6057,03-02-2018,21:40:00,20,17,5,40,37,14
799,6056,01-02-2018,21:40:00,29,31,44,45,18,33
800,6055,30-01-2018,21:40:00,44,9,26,47,8,15
801,6054,27-01-2018,21:40:00,38,40,10,20,29,9
802,6053,25-01-2018,21:40:00,46,39,36,20,30,43
803,6052,23-01-2018,21:40:00,45,5,25,37,49,16
804,6051,20-01-2018,21:40:00,40,45,9,30,23,36
805,6050,18-01-2018,21:40:00,28,22,11,27,17,13
806,6049,16-01-2018,21:40:00,36,7,2,49,27,16
807,6048,13-01-2018,21:40:00,25,29,35,21,26,49
808,6047,11-01-2018,21:40:00,11,9,17,47,38,36
809,6046,09-01-2018,21:40:00,3,40,44,15,39,1
810,6045,06-01-2018,21:40:00,31,20,21,14,27,17
811,6044,04-01-2018,21:40:00,21,25,47,38,16,23
812,6043,02-01-2018,21:40:00,42,45,49,16,5,27
813,6042,30-12-2017,21:40:00,12,3,46,6,18,8
814,6041,28-12-2017,21:40:00,34,41,44,43,36,12
815,6040,26-12-2017,21:40:00,32,45,30,24,25,13
816,6039,23-12-2017,21:40:00,15,17,14,36,39,25
817,6038,21-12-2017,21:40:00,21,35,47,38,13,23
818,6037,19-12-2017,21:40:00,12,9,4,24,2,31
819,6036,16-12-2017,21:40:00,32,14,19,3,16,4
820,6035,14-12-2017,21:40:00,8,41,16,22,7,44
821,6034,12-12-2017,21:40:00,23,36,37,28,34,47
822,6033,09-12-2017,21:40:00,13,18,26,1,9,38
823,6032,07-12-2017,21:40:00,41,39,37,30,20,23
824,6031,05-12-2017,21:40:00,18,7,40,43,2,30
825,6030,02-12-2017,21:40:00,25,8,3,13,22,35
826,6029,30-11-2017,21:40:00,30,20,5,16,14,29
827,6028,28-11-2017,21:40:00,15,17,43,9,6,31
828,6027,25-11-2017,21:40:00,49,32,5,35,19,4
829,6026,23-11-2017,21:40:00,32,44,37,10,40,35
830,6025,21-11-2017,21:40:00,45,4,47,15,1,49
831,6024,18-11-2017,21:40:00,28,30,32,21,22,49
832,6023,16-11-2017,21:40:00,43,5,13,47,20,37
833,6022,14-11-2017,21:40:00,3,26,16,33,28,36
834,6021,11-11-2017,21:40:00,18,24,23,3,38,12
835,6020,09-11-2017,21:40:00,16,7,12,13,31,34
836,6019,07-11-2017,21:40:00,27,13,10,35,43,47
837,6018,04-11-2017,21:40:00,46,5,18,11,2,28
838,6017,02-11-2017,21:40:00,2,36,1,40,4,10
839,6016,31-10-2017,21:40:00,27,40,19,6,11,25
840,6015,28-10-2017,21:40:00,47,28,46,25,24,22
841,6014,26-10-2017,21:40:00,38,18,43,1,41,22
842,6013,24-10-2017,21:40:00,39,19,40,38,23,7
843,6012,21-10-2017,21:40:00,2,22,13,11,25,37
844,6011,19-10-2017,21:40:00,38,15,21,30,4,26
845,6010,17-10-2017,21:40:00,5,38,40,9,43,18
846,6009,14-10-2017,21:40:00,18,3,19,8,21,30
847,6008,12-10-2017,21:40:00,6,15,36,7,24,28
848,6007,10-10-2017,21:40:00,17,14,40,12,7,23
849,6006,07-10-2017,21:40:00,15,36,1,35,8,34
850,6005,05-10-2017,21:40:00,29,45,39,14,47,8
851,6004,03-10-2017,21:40:00,2,21,11,40,45,8
852,6003,30-09-2017,21:40:00,28,43,6,26,22,44
853,6002,28-09-2017,21:40:00,36,11,29,32,17,12
854,6001,26-09-2017,21:40:00,7,49,41,37,47,46
855,6000,23-09-2017,21:40:00,39,37,48,33,49,35
856,5999,21-09-2017,21:40:00,10,18,17,32,9,48
857,5998,19-09-2017,21:40:00,13,31,22,26,36,38
858,5997,16-09-2017,21:40:00,2,40,47,49,29,8
859,5996,14-09-2017,21:40:00,28,12,29,13,2,17
860,5995,12-09-2017,21:40:00,20,28,4,29,47,39
861,5994,09-09-2017,21:40:00,13,3,42,7,45,10
862,5993,07-09-2017,21:40:00,8,29,1,5,43,2
863,5992,05-09-2017,21:40:00,40,43,10,39,6,46
864,5991,02-09-2017,21:40:00,36,46,17,21,37,31
865,5990,31-08-2017,21:40:00,12,38,36,11,47,10
866,5989,29-08-2017,21:40:00,35,5,23,13,32,45
867,5988,26-08-2017,21:40:00,47,17,12,8,35,34
868,5987,24-08-2017,21:40:00,28,20,40,8,4,21
869,5986,22-08-2017,21:40:00,6,4,29,12,2,37
870,5985,19-08-2017,21:40:00,23,45,24,13,20,27
871,5984,17-08-2017,21:40:00,10,14,24,21,3,30
872,5983,15-08-2017,21:40:00,23,38,19,7,46,49
873,5982,12-08-2017,21:40:00,44,2,48,15,32,21
874,5981,10-08-2017,21:40:00,19,5,39,15,4,13
875,5980,08-08-2017,21:40:00,7,16,43,39,41,37
876,5979,05-08-2017,21:40:00,27,38,10,14,36,24
877,5978,03-08-2017,21:40:00,2,14,12,49,6,29
878,5977,01-08-2017,21:40:00,39,27,25,17,42,16
879,5976,29-07-2017,21:40:00,40,24,36,4,48,29
880,5975,27-07-2017,21:40:00,26,46,24,21,27,13
881,5974,25-07-2017,21:40:00,39,10,18,45,16,17
882,5973,22-07-2017,21:40:00,10,27,5,21,28,26
883,5972,20-07-2017,21:40:00,6,23,29,33,31,18
884,5971,18-07-2017,21:40:00,41,43,29,44,18,31
885,5970,15-07-2017,21:40:00,39,38,28,35,1,23
886,5969,13-07-2017,21:40:00,11,8,4,14,39,23
887,5968,11-07-2017,21:40:00,32,43,6,35,15,14
888,5967,08-07-2017,21:40:00,37,1,14,43,36,3
889,5966,06-07-2017,21:40:00,9,38,28,24,26,29
890,5965,04-07-2017,21:40:00,25,48,30,22,3,10
891,5964,01-07-2017,21:40:00,2,21,17,23,22,20
892,5963,29-06-2017,21:40:00,39,26,15,30,25,33
893,5962,27-06-2017,21:40:00,20,12,34,48,39,15
894,5961,24-06-2017,21:40:00,29,33,30,46,22,9
895,5960,22-06-2017,21:40:00,41,44,4,7,49,5
896,5959,20-06-2017,21:40:00,47,32,40,39,46,35
897,5958,17-06-2017,21:40:00,43,24,9,1,25,38
898,5957,15-06-2017,21:40:00,25,15,10,24,14,32
899,5956,13-06-2017,21:40:00,1,35,5,39,20,30
900,5955,10-06-2017,21:40:00,2,43,24,40,15,6
901,5954,08-06-2017,21:40:00,22,13,26,19,12,11
902,5953,06-06-2017,21:40:00,7,17,25,15,49,5
903,5952,03-06-2017,21:40:00,38,23,11,30,35,21
904,5951,01-06-2017,21:40:00,35,23,27,41,45,34
905,5950,30-05-2017,21:40:00,40,44,18,6,42,36
906,5949,27-05-2017,21:40:00,7,8,5,33,22,32
907,5948,25-05-2017,21:40:00,9,42,15,4,32,43
908,5947,23-05-2017,21:40:00,26,25,38,45,14,30
909,5946,20-05-2017,21:40:00,21,40,35,49,25,39
910,5945,18-05-2017,21:40:00,30,37,33,38,9,24
911,5944,16-05-2017,21:40:00,29,42,21,14,41,3
912,5943,13-05-2017,21:40:00,30,4,17,8,10,7
913,5942,11-05-2017,21:40:00,23,37,10,6,22,36
914,5941,09-05-2017,21:40:00,5,34,16,37,13,10
915,5940,06-05-2017,21:40:00,1,23,20,40,3,5
916,5939,04-05-2017,21:40:00,49,1,27,28,48,19
917,5938,02-05-2017,21:40:00,14,1,30,36,24,46
918,5937,29-04-2017,21:40:00,7,34,2,21,37,22
919,5936,27-04-2017,21:40:00,25,37,22,4,26,10
920,5935,25-04-2017,21:40:00,36,7,38,44,5,2
921,5934,22-04-2017,21:40:00,41,43,36,34,2,46
922,5933,20-04-2017,21:40:00,8,41,48,43,32,21
923,5932,18-04-2017,21:40:00,2,7,25,48,28,41
924,5931,15-04-2017,21:40:00,9,17,26,48,28,22
925,5930,13-04-2017,21:40:00,11,21,37,13,2,24
926,5929,11-04-2017,21:40:00,10,13,5,24,25,21
927,5928,08-04-2017,21:40:00,43,25,6,21,14,39
928,5927,06-04-2017,21:40:00,18,22,37,29,14,17
929,5926,04-04-2017,21:40:00,3,2,23,18,37,38
930,5925,01-04-2017,21:40:00,49,18,11,19,15,25
931,5924,30-03-2017,21:40:00,30,17,1,36,23,45
932,5923,28-03-2017,21:40:00,30,16,31,37,4,14
933,5922,25-03-2017,21:40:00,35,44,25,48,38,33
934,5921,23-03-2017,21:40:00,39,2,30,23,9,32
935,5920,21-03-2017,21:40:00,42,13,29,7,17,41
936,5919,18-03-2017,21:40:00,38,44,12,34,47,32
937,5918,16-03-2017,21:40:00,32,18,22,2,35,39
938,5917,14-03-2017,21:40:00,12,23,6,15,32,29
939,5916,11-03-2017,21:40:00,27,11,32,40,28,5
940,5915,09-03-2017,21:40:00,6,18,19,29,15,33
941,5914,07-03-2017,21:40:00,24,27,35,1,21,4
942,5913,04-03-2017,21:40:00,2,12,49,13,43,15
943,5912,02-03-2017,21:40:00,25,7,46,28,39,29
944,5911,28-02-2017,21:40:00,3,43,22,26,39,35
945,5910,25-02-2017,21:40:00,40,21,19,5,41,4
946,5909,23-02-2017,21:40:00,40,31,8,3,10,7
947,5908,21-02-2017,21:40:00,18,24,43,5,35,49
948,5907,18-02-2017,21:40:00,10,42,6,11,41,24
949,5906,16-02-2017,21:40:00,9,25,47,17,3,34
950,5905,14-02-2017,21:40:00,40,13,38,20,14,1
951,5904,11-02-2017,21:40:00,38,23,2,46,25,37
952,5903,09-02-2017,21:40:00,43,21,35,3,8,31
953,5902,07-02-2017,21:40:00,28,39,14,4,32,7
954,5901,04-02-2017,21:40:00,24,41,14,25,28,36
955,5900,02-02-2017,21:40:00,24,13,1,12,32,35
956,5899,31-01-2017,21:40:00,43,46,15,37,19,28
957,5898,28-01-2017,21:40:00,8,7,13,9,12,3
958,5897,26-01-2017,21:40:00,31,47,21,15,34,17
959,5896,24-01-2017,21:40:00,38,5,33,36,27,12
960,5895,21-01-2017,21:40:00,12,19,29,31,13,17
961,5894,19-01-2017,21:40:00,1,41,38,31,27,49
962,5893,17-01-2017,21:40:00,40,46,44,7,38,48
963,5892,14-01-2017,21:40:00,7,3,24,21,47,40
964,5891,12-01-2017,21:40:00,25,44,19,3,16,5
965,5890,10-01-2017,21:40:00,49,43,23,15,5,25
966,5889,07-01-2017,21:40:00,23,1,48,37,7,46
967,5888,05-01-2017,21:40:00,41,30,39,44,49,8
968,5887,03-01-2017,21:40:00,32,41,2,44,22,7
969,5886,31-12-2016,21:40:00,45,39,36,13,19,23
970,5885,29-12-2016,21:40:00,46,7,39,18,4,10
971,5884,27-12-2016,21:40:00,2,18,8,46,14,16
972,5883,24-12-2016,21:40:00,20,30,34,4,16,12
973,5882,22-12-2016,21:40:00,13,45,1,10,40,7
974,5881,20-12-2016,21:40:00,12,8,47,18,16,17
975,5880,17-12-2016,21:40:00,25,13,21,3,1,15
976,5879,15-12-2016,21:40:00,31,25,14,11,1,27
977,5878,13-12-2016,21:40:00,33,48,2,18,3,47
978,5877,10-12-2016,21:40:00,37,30,26,12,34,22
979,5876,08-12-2016,21:40:00,33,31,32,6,41,34
980,5875,06-12-2016,21:40:00,44,15,6,42,30,46
981,5874,03-12-2016,21:40:00,41,19,48,25,49,46
982,5873,01-12-2016,21:40:00,33,36,30,8,12,47
983,5872,29-11-2016,21:40:00,20,37,26,24,23,40
984,5871,26-11-2016,21:40:00,10,23,3,13,2,44
985,5870,24-11-2016,21:40:00,7,35,20,26,38,36
986,5869,22-11-2016,21:40:00,10,42,43,31,37,49
987,5868,19-11-2016,21:40:00,16,38,8,41,40,10
988,5867,17-11-2016,21:40:00,7,20,11,1,43,45
989,5866,15-11-2016,21:40:00,6,20,10,43,29,4
990,5865,12-11-2016,21:40:00,7,20,16,32,45,40
991,5864,10-11-2016,21:40:00,30,10,29,16,46,4
992,5863,08-11-2016,21:40:00,35,13,40,43,15,18
993,5862,05-11-2016,21:40:00,28,1,14,40,45,15
994,5861,03-11-2016,21:40:00,29,22,18,39,24,34
995,5860,01-11-2016,21:40:00,48,33,40,37,9,8
996,5859,29-10-2016,21:40:00,39,15,31,4,21,42
997,5858,27-10-2016,21:40:00,12,8,28,35,43,15
998,5857,25-10-2016,21:40:00,47,22,33,43,6,30
999,5856,22-10-2016,21:40:00,28,31,12,23,34,13
1000,5855,20-10-2016,21:40:00,36,34,49,25,39,31
1001,5854,18-10-2016,21:40:00,18,27,14,11,33,34
1002,5853,15-10-2016,21:40:00,3,21,26,46,24,29
1003,5852,13-10-2016,21:40:00,36,27,47,12,20,4
1004,5851,11-10-2016,21:40:00,19,30,31,38,16,7
1005,5850,08-10-2016,21:40:00,29,20,48,8,33,25
1006,5849,06-10-2016,21:40:00,24,49,34,39,41,10
1007,5848,04-10-2016,21:40:00,5,4,28,27,8,1
1008,5847,01-10-2016,21:40:00,5,25,8,26,9,43
1009,5846,29-09-2016,21:40:00,41,36,4,28,26,7
1010,5845,27-09-2016,21:40:00,19,6,38,34,33,23
1011,5844,24-09-2016,21:40:00,15,23,33,9,2,46
1012,5843,22-09-2016,21:40:00,10,38,6,26,25,27
1013,5842,20-09-2016,21:40:00,40,36,48,43,8,20
1014,5841,17-09-2016,21:40:00,47,35,12,1,37,11
1015,5840,15-09-2016,21:40:00,22,11,41,26,10,15
1016,5839,13-09-2016,21:40:00,33,35,15,17,26,40
1017,5838,10-09-2016,21:40:00,3,43,15,38,47,17
1018,5837,08-09-2016,21:40:00,49,28,21,4,16,19
1019,5836,06-09-2016,21:40:00,17,49,44,31,48,22
1020,5835,03-09-2016,21:40:00,10,2,32,5,23,31
1021,5834,01-09-2016,21:40:00,18,47,21,42,28,48
1022,5833,30-08-2016,21:40:00,42,16,7,9,23,27
1023,5832,27-08-2016,21:40:00,15,16,41,39,2,28
1024,5831,25-08-2016,21:40:00,20,40,49,5,15,25
1025,5830,23-08-2016,21:40:00,40,38,16,11,9,28
1026,5829,20-08-2016,21:40:00,11,27,22,21,42,19
1027,5828,18-08-2016,21:40:00,46,24,41,47,49,21
1028,5827,16-08-2016,21:40:00,41,20,40,14,23,32
1029,5826,13-08-2016,21:40:00,14,24,37,12,19,47
1030,5825,11-08-2016,21:40:00,3,25,22,45,18,30
1031,5824,09-08-2016,21:40:00,44,13,16,8,27,19
1032,5823,06-08-2016,21:40:00,36,9,15,28,4,39
1033,5822,04-08-2016,21:40:00,35,8,45,12,16,26
1034,5821,02-08-2016,21:40:00,44,18,49,4,6,5
1035,5820,30-07-2016,21:40:00,33,47,46,26,19,38
1036,5819,28-07-2016,21:40:00,29,7,46,21,24,16
1037,5818,26-07-2016,21:40:00,2,31,24,12,47,28
1038,5817,23-07-2016,21:40:00,10,30,26,49,48,2
1039,5816,21-07-2016,21:40:00,8,25,10,7,16,22
1040,5815,19-07-2016,21:40:00,31,3,38,25,30,2
1041,5814,16-07-2016,21:40:00,48,22,16,49,41,45
1042,5813,14-07-2016,21:40:00,29,37,6,2,15,21
1043,5812,12-07-2016,21:40:00,2,17,3,26,7,44
1044,5811,09-07-2016,21:40:00,4,19,16,34,39,3
1045,5810,07-07-2016,21:40:00,48,45,25,13,38,4
1046,5809,05-07-2016,21:40:00,1,9,18,23,49,36
1047,5808,02-07-2016,21:40:00,1,36,26,44,6,4
1048,5807,30-06-2016,21:40:00,20,5,12,27,43,14
1049,5806,28-06-2016,21:40:00,9,25,47,4,13,3
1050,5805,25-06-2016,21:40:00,24,27,29,22,15,34
1051,5804,23-06-2016,21:40:00,13,23,17,24,31,33
1052,5803,21-06-2016,21:40:00,8,28,45,16,30,23
1053,5802,18-06-2016,21:40:00,6,47,48,29,24,44
1054,5801,16-06-2016,21:40:00,43,11,27,32,6,48
1055,5800,14-06-2016,21:40:00,17,9,47,28,6,39
1056,5799,11-06-2016,21:40:00,32,11,40,28,27,24
1057,5798,09-06-2016,21:40:00,14,22,31,17,40,19
1058,5797,07-06-2016,21:40:00,22,43,44,7,10,12
1059,5796,04-06-2016,21:40:00,19,33,46,5,24,38
1060,5795,02-06-2016,21:40:00,36,17,35,39,30,7
1061,5794,31-05-2016,21:40:00,26,36,29,7,39,18
1062,5793,28-05-2016,21:40:00,41,5,23,46,35,11
1063,5792,26-05-2016,21:40:00,23,6,29,44,14,43
1064,5791,24-05-2016,21:40:00,22,12,18,19,1,35
1065,5790,21-05-2016,21:40:00,38,40,8,41,31,42
1066,5789,19-05-2016,21:40:00,18,30,12,39,6,34
1067,5788,17-05-2016,21:40:00,46,35,37,8,28,11
1068,5787,14-05-2016,21:40:00,41,37,38,45,47,26
1069,5786,12-05-2016,21:40:00,1,39,47,22,19,44
1070,5785,10-05-2016,21:40:00,44,36,25,29,9,8
1071,5784,07-05-2016,21:40:00,15,11,49,12,37,28
1072,5783,05-05-2016,21:40:00,27,24,12,31,15,43
1073,5782,03-05-2016,21:40:00,49,18,29,47,46,41
1074,5781,30-04-2016,21:40:00,43,23,12,24,3,10
1075,5780,28-04-2016,21:40:00,20,13,27,41,38,23
1076,5779,26-04-2016,21:40:00,10,25,39,37,32,27
1077,5778,23-04-2016,21:40:00,18,39,22,14,8,9
1078,5777,21-04-2016,21:40:00,8,38,31,1,2,26
1079,5776,19-04-2016,21:40:00,25,41,10,33,2,26
1080,5775,16-04-2016,21:40:00,44,21,13,32,1,43
1081,5774,14-04-2016,21:40:00,37,21,12,33,28,44
1082,5773,12-04-2016,21:40:00,34,26,12,30,14,45
1083,5772,09-04-2016,21:40:00,37,21,2,47,26,38
1084,5771,07-04-2016,21:40:00,34,20,41,11,5,24
1085,5770,05-04-2016,21:40:00,43,32,38,48,49,21
1086,5769,02-04-2016,21:40:00,11,30,20,16,37,19
1087,5768,31-03-2016,21:40:00,10,25,8,1,14,34
1088,5767,29-03-2016,21:40:00,12,21,10,30,8,11
1089,5766,26-03-2016,21:40:00,5,22,26,45,47,14
1090,5765,24-03-2016,21:40:00,38,26,35,43,5,22
1091,5764,22-03-2016,21:40:00,27,5,10,44,21,41
1092,5763,19-03-2016,21:40:00,48,7,21,39,34,15
1093,5762,17-03-2016,21:40:00,35,26,22,44,31,7
1094,5761,15-03-2016,21:40:00,6,49,29,47,22,48
1095,5760,12-03-2016,21:40:00,23,39,2,12,42,32
1096,5759,10-03-2016,21:40:00,14,28,30,6,47,16
1097,5758,08-03-2016,21:40:00,41,13,14,18,20,5
1098,5757,05-03-2016,21:40:00,35,28,26,43,27,16
1099,5756,03-03-2016,21:40:00,28,43,24,31,30,49
1100,5755,01-03-2016,21:40:00,5,28,46,44,9,10
1101,5754,27-02-2016,21:40:00,26,46,17,22,42,13
1102,5753,25-02-2016,21:40:00,17,24,11,43,32,45
1103,5752,23-02-2016,21:40:00,30,24,34,14,35,44
1104,5751,20-02-2016,21:40:00,47,24,35,29,17,37
1105,5750,18-02-2016,21:40:00,1,15,26,18,8,23
1106,5749,16-02-2016,21:40:00,32,21,41,18,30,23
1107,5748,13-02-2016,21:40:00,42,29,24,33,20,18
1108,5747,11-02-2016,21:40:00,17,18,31,32,12,38
1109,5746,09-02-2016,21:40:00,48,35,7,23,21,30
1110,5745,06-02-2016,21:40:00,15,46,3,27,32,22
1111,5744,04-02-2016,21:40:00,41,13,40,7,34,20
1112,5743,02-02-2016,21:40:00,4,17,14,44,25,29
1113,5742,30-01-2016,21:40:00,8,43,46,15,45,28
1114,5741,28-01-2016,21:40:00,18,17,25,26,16,21
1115,5740,26-01-2016,21:40:00,28,11,34,23,20,29
1116,5739,23-01-2016,21:40:00,42,20,31,13,45,14
1117,5738,21-01-2016,21:40:00,37,25,46,41,34,17
1118,5737,19-01-2016,21:40:00,3,17,31,32,28,34
1119,5736,16-01-2016,21:40:00,21,46,29,20,40,48
1120,5735,14-01-2016,21:40:00,25,24,33,15,12,13
1121,5734,12-01-2016,21:40:00,18,27,7,47,29,49
1122,5733,09-01-2016,21:40:00,25,30,4,16,23,1
1123,5732,07-01-2016,21:40:00,9,11,5,16,45,49
1124,5731,05-01-2016,21:40:00,14,20,27,4,35,26
1125,5730,02-01-2016,21:40:00,36,23,45,16,37,29
1126,5729,31-12-2015,21:40:00,6,48,1,20,33,41
1127,5728,29-12-2015,21:40:00,26,22,44,25,37,16
1128,5727,26-12-2015,21:40:00,22,30,28,33,24,8
1129,5726,24-12-2015,21:40:00,17,49,29,22,25,19
1130,5725,22-12-2015,21:40:00,26,31,14,44,17,3
1131,5724,19-12-2015,21:40:00,10,44,35,11,45,32
1132,5723,17-12-2015,21:40:00,29,1,33,10,13,7
1133,5722,15-12-2015,21:40:00,42,16,10,11,44,22
1134,5721,12-12-2015,21:40:00,24,18,6,12,14,4
1135,5720,10-12-2015,21:40:00,29,6,22,46,21,40
1136,5719,08-12-2015,21:40:00,40,27,41,17,28,46
1137,5718,05-12-2015,21:40:00,40,12,32,11,26,2
1138,5717,03-12-2015,21:40:00,32,1,14,21,23,11
1139,5716,01-12-2015,21:40:00,25,23,44,31,30,40
1140,5715,28-11-2015,21:40:00,2,39,29,46,23,38
1141,5714,26-11-2015,21:40:00,16,5,32,47,18,41
1142,5713,24-11-2015,21:40:00,36,5,21,6,16,31
1143,5712,21-11-2015,21:40:00,47,36,7,3,39,26
1144,5711,19-11-2015,21:40:00,9,5,44,10,41,43
1145,5710,17-11-2015,21:40:00,34,17,30,24,13,33
1146,5709,14-11-2015,21:40:00,4,12,43,6,26,35
1147,5708,12-11-2015,21:40:00,8,20,11,32,15,22
1148,5707,10-11-2015,21:40:00,6,31,48,34,14,19
1149,5706,07-11-2015,21:40:00,10,38,45,14,2,15
1150,5705,05-11-2015,21:40:00,8,5,3,17,15,35
1151,5704,03-11-2015,21:40:00,37,48,12,36,41,35
1152,5703,31-10-2015,21:40:00,9,13,49,48,15,26
1153,5702,29-10-2015,21:40:00,5,11,30,45,37,14
1154,5701,27-10-2015,21:40:00,26,32,21,6,35,45
1155,5700,24-10-2015,21:40:00,27,36,39,49,33,8
1156,5699,22-10-2015,21:40:00,17,2,29,13,11,33
1157,5698,20-10-2015,21:40:00,19,45,16,49,7,3
1158,5697,17-10-2015,21:40:00,42,15,8,10,37,17
1159,5696,15-10-2015,21:40:00,8,44,11,5,12,38
1160,5695,13-10-2015,21:40:00,47,48,6,18,9,49
1161,5694,10-10-2015,21:40:00,33,32,47,23,13,8
1162,5693,08-10-2015,21:40:00,7,34,40,45,42,13
1163,5692,06-10-2015,21:40:00,40,37,43,3,18,29
1164,5691,03-10-2015,21:40:00,24,38,2,39,11,10
1165,5690,01-10-2015,21:40:00,27,21,49,24,4,44
1166,5689,29-09-2015,21:40:00,15,6,11,20,29,22
1167,5688,26-09-2015,21:40:00,30,28,40,47,9,26
1168,5687,24-09-2015,21:40:00,14,12,9,30,11,18
1169,5686,22-09-2015,21:40:00,40,26,39,23,20,28
1170,5685,19-09-2015,21:40:00,19,1,44,26,36,18
1171,5684,17-09-2015,21:40:00,2,23,8,18,5,42
1172,5683,15-09-2015,21:40:00,20,36,1,33,49,42
1173,5682,12-09-2015,21:40:00,27,16,32,47,25,45
1174,5681,10-09-2015,21:40:00,7,40,14,22,11,44
1175,5680,08-09-2015,21:40:00,49,37,39,5,32,8
1176,5679,05-09-2015,21:40:00,30,32,6,24,23,49
1177,5678,03-09-2015,21:40:00,34,36,1,37,2,22
1178,5677,01-09-2015,21:40:00,10,18,28,49,9,40
1179,5676,29-08-2015,21:40:00,22,41,49,29,43,8
1180,5675,27-08-2015,21:40:00,30,44,8,39,33,32
1181,5674,25-08-2015,21:40:00,34,1,33,9,47,46
1182,5673,22-08-2015,21:40:00,19,2,15,33,35,41
1183,5672,20-08-2015,21:40:00,20,28,8,41,5,25
1184,5671,18-08-2015,21:40:00,9,4,1,48,19,49
1185,5670,15-08-2015,21:40:00,28,42,10,11,39,15
1186,5669,13-08-2015,21:40:00,42,26,10,32,15,22
1187,5668,11-08-2015,21:40:00,6,9,31,28,32,49
1188,5667,08-08-2015,21:40:00,38,41,46,18,2,49
1189,5666,06-08-2015,21:40:00,44,41,45,3,35,49
1190,5665,04-08-2015,21:40:00,30,16,34,39,10,43
1191,5664,01-08-2015,21:40:00,12,29,18,4,47,1
1192,5663,30-07-2015,21:40:00,33,31,36,30,45,11
1193,5662,28-07-2015,21:40:00,35,40,44,20,12,2
1194,5661,25-07-2015,21:40:00,47,28,42,31,49,43
1195,5660,23-07-2015,21:40:00,17,31,1,4,41,15
1196,5659,21-07-2015,21:40:00,8,15,4,35,2,9
1197,5658,18-07-2015,21:40:00,13,8,21,3,27,49
1198,5657,16-07-2015,21:40:00,18,35,23,42,10,43
1199,5656,14-07-2015,21:40:00,19,31,7,34,48,40
1200,5655,11-07-2015,21:40:00,40,37,34,42,10,17
1201,5654,09-07-2015,21:40:00,26,35,49,48,21,16
1202,5653,07-07-2015,21:40:00,10,7,18,43,44,5
1203,5652,04-07-2015,21:40:00,35,18,15,46,14,8
1204,5651,02-07-2015,21:40:00,10,1,48,45,44,28
1205,5650,30-06-2015,21:40:00,37,5,21,36,25,28
1206,5649,27-06-2015,21:40:00,38,19,18,5,28,46
1207,5648,25-06-2015,21:40:00,25,14,8,46,37,24
1208,5647,23-06-2015,21:40:00,20,27,37,34,1,9
1209,5646,20-06-2015,21:40:00,23,15,13,9,30,39
1210,5645,18-06-2015,21:40:00,14,29,38,21,28,25
1211,5644,16-06-2015,21:40:00,32,34,24,29,18,44
1212,5643,13-06-2015,21:40:00,16,49,46,6,24,4
1213,5642,11-06-2015,21:40:00,35,32,11,30,26,20
1214,5641,09-06-2015,21:40:00,27,11,38,36,13,2
1215,5640,06-06-2015,21:40:00,46,14,32,47,3,6
1216,5639,04-06-2015,21:40:00,26,38,1,16,2,27
1217,5638,02-06-2015,21:40:00,18,44,24,13,38,6
1218,5637,30-05-2015,21:40:00,15,10,24,21,41,16
1219,5636,28-05-2015,21:40:00,6,20,48,22,8,9
1220,5635,26-05-2015,21:40:00,13,17,4,18,40,38
1221,5634,23-05-2015,21:40:00,17,6,16,4,19,30
1222,5633,21-05-2015,21:40:00,38,11,35,20,3,18
1223,5632,19-05-2015,21:40:00,23,16,49,31,19,6
1224,5631,16-05-2015,21:40:00,38,23,27,1,18,49
1225,5630,14-05-2015,21:40:00,16,39,44,35,18,4
1226,5629,12-05-2015,21:40:00,3,48,5,39,41,4
1227,5628,09-05-2015,21:40:00,37,18,12,35,39,21
1228,5627,07-05-2015,21:40:00,17,43,9,2,40,41
1229,5626,05-05-2015,21:40:00,43,47,3,17,9,46
1230,5625,02-05-2015,21:40:00,25,8,12,10,21,36
1231,5624,30-04-2015,21:40:00,41,10,19,1,25,26
1232,5623,28-04-2015,21:40:00,17,16,33,29,39,6
1233,5622,25-04-2015,21:40:00,45,6,4,46,10,24
1234,5621,23-04-2015,21:40:00,6,29,4,3,21,17
1235,5620,21-04-2015,21:40:00,28,13,5,27,17,42
1236,5619,18-04-2015,21:40:00,5,1,17,44,29,13
1237,5618,16-04-2015,21:40:00,3,36,28,41,20,40
1238,5617,14-04-2015,21:40:00,26,27,8,16,33,7
1239,5616,11-04-2015,21:40:00,9,47,2,32,41,44
1240,5615,09-04-2015,21:40:00,10,8,39,16,48,4
1241,5614,07-04-2015,21:40:00,39,38,43,6,31,16
1242,5613,04-04-2015,21:40:00,17,47,7,13,34,20
1243,5612,02-04-2015,21:40:00,10,19,20,44,36,3
1244,5611,31-03-2015,21:40:00,19,43,44,35,40,31
1245,5610,28-03-2015,21:40:00,23,37,45,6,29,38
1246,5609,26-03-2015,21:40:00,3,33,7,16,31,21
1247,5608,24-03-2015,21:40:00,48,29,15,24,19,26
1248,5607,21-03-2015,21:40:00,2,12,10,39,45,29
1249,5606,19-03-2015,21:40:00,14,48,18,29,49,26
1250,5605,17-03-2015,21:40:00,5,13,43,15,38,1
1251,5604,14-03-2015,21:40:00,7,20,40,29,31,16
1252,5603,12-03-2015,21:40:00,11,20,5,15,12,23
1253,5602,10-03-2015,21:40:00,5,20,28,35,10,47
1254,5601,07-03-2015,21:40:00,47,2,12,32,46,34
1255,5600,05-03-2015,21:40:00,7,21,1,8,42,47
1256,5599,03-03-2015,21:40:00,32,33,42,11,27,40
1257,5598,28-02-2015,21:40:00,16,31,28,1,11,32
1258,5597,26-02-2015,21:40:00,12,40,15,34,42,18
1259,5596,24-02-2015,21:40:00,14,44,18,37,41,13
1260,5595,21-02-2015,21:40:00,31,26,28,34,39,9
1261,5594,19-02-2015,21:40:00,22,42,34,8,11,46
1262,5593,17-02-2015,21:40:00,14,46,4,12,39,17
1263,5592,14-02-2015,21:40:00,33,39,43,22,14,3
1264,5591,12-02-2015,21:40:00,17,25,24,14,9,30
1265,5590,10-02-2015,21:40:00,7,25,6,30,22,9
1266,5589,07-02-2015,21:40:00,14,30,46,39,36,11
1267,5588,05-02-2015,21:40:00,5,3,49,9,43,4
1268,5587,03-02-2015,21:40:00,28,21,40,37,1,18
1269,5586,31-01-2015,21:40:00,25,39,5,48,26,6
1270,5585,29-01-2015,21:40:00,43,6,15,32,25,23
1271,5584,27-01-2015,21:40:00,21,2,26,1,34,17
1272,5583,24-01-2015,21:40:00,22,48,36,9,11,16
1273,5582,22-01-2015,21:40:00,16,18,44,34,43,24
1274,5581,20-01-2015,21:40:00,44,2,30,14,15,5
1275,5580,17-01-2015,21:40:00,11,23,35,20,8,42
1276,5579,15-01-2015,21:40:00,24,8,21,2,11,22
1277,5578,13-01-2015,21:40:00,12,19,21,33,8,35
1278,5577,10-01-2015,21:40:00,13,28,40,15,26,42
1279,5576,08-01-2015,21:40:00,8,12,6,26,23,33
1280,5575,06-01-2015,21:40:00,3,36,18,31,40,17
1281,5574,03-01-2015,21:40:00,8,45,37,29,17,2
1282,5573,01-01-2015,21:40:00,10,16,37,36,42,40
1283,5572,30-12-2014,21:40:00,7,9,29,41,36,32
1284,5571,27-12-2014,21:40:00,4,8,49,48,28,30
1285,5570,25-12-2014,21:40:00,25,22,1,46,42,6
1286,5569,23-12-2014,21:40:00,25,5,39,20,28,40
1287,5568,20-12-2014,21:40:00,39,32,36,16,47,33
1288,5567,18-12-2014,21:40:00,43,8,48,19,32,46
1289,5566,16-12-2014,21:40:00,13,32,46,36,47,27
1290,5565,13-12-2014,21:40:00,43,27,25,4,32,29
1291,5564,11-12-2014,21:40:00,24,14,38,28,31,29
1292,5563,09-12-2014,21:40:00,39,31,2,19,7,38
1293,5562,06-12-2014,21:40:00,25,36,29,19,38,12
1294,5561,04-12-2014,21:40:00,13,3,31,1,29,49
1295,5560,02-12-2014,21:40:00,34,18,17,15,1,3
1296,5559,29-11-2014,21:40:00,23,34,31,32,2,8
1297,5558,27-11-2014,21:40:00,13,43,36,42,21,26
1298,5557,25-11-2014,21:40:00,20,9,48,45,12,40
1299,5556,22-11-2014,21:40:00,2,16,30,24,48,27
1300,5555,20-11-2014,21:40:00,27,44,19,17,8,13
1301,5554,18-11-2014,21:40:00,30,35,18,48,47,17
1302,5553,15-11-2014,21:40:00,5,26,7,34,13,48
1303,5552,13-11-2014,21:40:00,19,5,11,17,21,10
1304,5551,11-11-2014,21:40:00,44,39,19,17,23,7
1305,5550,08-11-2014,21:40:00,37,46,23,39,13,8
1306,5549,06-11-2014,21:40:00,39,35,17,18,26,2
1307,5548,04-11-2014,21:40:00,22,16,43,18,30,33
1308,5547,01-11-2014,21:40:00,48,17,9,39,22,24
1309,5546,30-10-2014,21:40:00,40,22,10,16,15,46
1310,5545,28-10-2014,21:40:00,46,27,10,5,20,39
1311,5544,25-10-2014,21:40:00,8,7,19,36,22,12
1312,5543,23-10-2014,21:40:00,8,29,28,14,32,38
1313,5542,21-10-2014,21:40:00,36,11,10,29,42,22
1314,5541,18-10-2014,21:40:00,23,38,36,46,40,10
1315,5540,16-10-2014,21:40:00,21,18,29,3,8,49
1316,5539,14-10-2014,21:40:00,14,34,5,4,8,16
1317,5538,11-10-2014,21:40:00,21,46,28,4,5,22
1318,5537,09-10-2014,21:40:00,39,23,8,26,25,21
1319,5536,07-10-2014,21:40:00,32,9,49,22,12,3
1320,5535,04-10-2014,21:40:00,5,21,8,19,25,2
1321,5534,02-10-2014,21:40:00,8,31,47,1,9,25
1322,5533,30-09-2014,21:40:00,42,47,8,25,39,49
1323,5532,27-09-2014,21:40:00,8,12,6,24,26,46
1324,5531,25-09-2014,21:40:00,30,8,10,12,48,27
1325,5530,23-09-2014,21:40:00,27,43,39,4,23,22
1326,5529,20-09-2014,21:40:00,41,11,2,45,15,47
1327,5528,18-09-2014,21:40:00,6,11,49,44,1,16
1328,5527,16-09-2014,21:40:00,46,25,29,21,17,5
1329,5526,13-09-2014,21:40:00,12,43,47,32,19,29
1330,5525,11-09-2014,21:40:00,40,33,30,1,20,8
1331,5524,09-09-2014,21:40:00,1,38,23,8,40,46
1332,5523,06-09-2014,21:40:00,34,47,17,8,22,38
1333,5522,04-09-2014,21:40:00,9,23,28,32,7,4
1334,5521,02-09-2014,21:40:00,29,11,14,12,34,49
1335,5520,30-08-2014,21:40:00,17,29,45,8,27,9
1336,5519,28-08-2014,21:40:00,32,46,4,30,13,29
1337,5518,26-08-2014,21:40:00,1,13,47,14,6,20
1338,5517,23-08-2014,21:40:00,37,14,6,7,19,39
1339,5516,21-08-2014,21:40:00,42,6,15,33,28,32
1340,5515,19-08-2014,21:40:00,45,14,44,6,26,47
1341,5514,16-08-2014,21:40:00,8,49,41,16,13,12
1342,5513,14-08-2014,21:40:00,46,10,5,6,3,27
1343,5512,12-08-2014,21:40:00,34,33,1,27,9,25
1344,5511,09-08-2014,21:40:00,34,30,21,4,16,39
1345,5510,07-08-2014,21:40:00,41,21,43,14,30,48
1346,5509,05-08-2014,21:40:00,8,16,42,17,3,24
1347,5508,02-08-2014,21:40:00,43,25,20,6,45,18
1348,5507,31-07-2014,21:40:00,42,5,30,40,24,11
1349,5506,29-07-2014,21:40:00,38,34,2,32,16,24
1350,5505,26-07-2014,21:40:00,22,39,19,8,30,44
1351,5504,24-07-2014,21:40:00,11,12,45,9,40,43
1352,5503,22-07-2014,21:40:00,29,25,30,47,46,4
1353,5502,19-07-2014,21:40:00,36,31,33,18,48,49
1354,5501,17-07-2014,21:40:00,21,17,14,33,25,44
1355,5500,15-07-2014,21:40:00,44,48,19,28,15,34
1356,5499,12-07-2014,21:40:00,5,26,38,18,44,42
1357,5498,10-07-2014,21:40:00,7,24,26,1,31,13
1358,5497,08-07-2014,21:40:00,16,49,21,46,40,2
1359,5496,05-07-2014,21:40:00,30,9,8,29,42,40
1360,5495,03-07-2014,21:40:00,37,23,22,30,31,46
1361,5494,01-07-2014,21:40:00,27,28,45,4,39,18
1362,5493,28-06-2014,21:40:00,16,42,5,47,17,40
1363,5492,26-06-2014,21:40:00,37,12,35,21,19,6
1364,5491,24-06-2014,21:40:00,14,42,23,26,21,27
1365,5490,21-06-2014,21:40:00,25,42,36,14,33,48
1366,5489,19-06-2014,21:40:00,11,29,22,47,13,35
1367,5488,17-06-2014,21:40:00,31,13,42,10,33,3
1368,5487,14-06-2014,21:40:00,27,6,15,44,10,5
1369,5486,12-06-2014,21:40:00,28,40,48,17,2,4
1370,5485,10-06-2014,21:40:00,48,43,37,2,32,35
1371,5484,07-06-2014,21:40:00,44,4,35,49,24,1
1372,5483,05-06-2014,21:40:00,18,39,24,48,43,9
1373,5482,03-06-2014,21:40:00,48,46,19,38,6,8
1374,5481,31-05-2014,21:40:00,13,29,6,11,44,40
1375,5480,29-05-2014,21:40:00,21,16,43,32,2,39
1376,5479,27-05-2014,21:40:00,22,33,39,47,23,27
1377,5478,24-05-2014,21:40:00,37,28,48,2,43,13
1378,5477,22-05-2014,21:40:00,8,33,43,29,47,12
1379,5476,20-05-2014,21:40:00,47,48,42,24,44,26
1380,5475,17-05-2014,21:40:00,33,15,13,30,36,21
1381,5474,15-05-2014,21:40:00,15,23,44,43,3,47
1382,5473,13-05-2014,21:40:00,26,20,37,45,4,43
1383,5472,10-05-2014,21:40:00,46,35,30,25,20,8
1384,5471,08-05-2014,21:40:00,3,26,12,24,2,21
1385,5470,06-05-2014,21:40:00,6,19,35,13,16,33
1386,5469,03-05-2014,21:40:00,16,31,21,30,32,23
1387,5468,01-05-2014,21:40:00,16,10,23,12,40,38
1388,5467,29-04-2014,21:40:00,25,20,19,15,39,33
1389,5466,26-04-2014,21:40:00,6,37,14,40,44,8
1390,5465,24-04-2014,21:40:00,46,41,26,32,44,30
1391,5464,22-04-2014,21:40:00,8,3,30,19,37,34
1392,5463,19-04-2014,21:40:00,2,10,8,24,47,34
1393,5462,17-04-2014,21:40:00,9,44,30,27,19,38
1394,5461,15-04-2014,21:40:00,38,1,22,27,33,34
1395,5460,12-04-2014,21:40:00,14,2,36,41,28,3
1396,5459,10-04-2014,21:40:00,22,40,36,49,43,4
1397,5458,08-04-2014,21:40:00,4,8,47,46,22,36
1398,5457,05-04-2014,21:40:00,44,8,39,40,41,33
1399,5456,03-04-2014,21:40:00,4,35,18,9,40,11
1400,5455,01-04-2014,21:40:00,37,38,44,1,16,41
1401,5454,29-03-2014,21:40:00,6,33,15,3,12,29
1402,5453,27-03-2014,21:40:00,32,29,33,40,18,41
1403,5452,25-03-2014,21:40:00,36,38,39,40,23,32
1404,5451,22-03-2014,21:40:00,29,34,3,49,32,48
1405,5450,20-03-2014,21:40:00,42,34,38,22,49,39
1406,5449,18-03-2014,21:40:00,29,49,33,10,17,6
1407,5448,15-03-2014,21:40:00,40,22,39,15,4,25
1408,5447,13-03-2014,21:40:00,12,24,48,44,9,37
1409,5446,11-03-2014,21:40:00,13,8,39,34,6,1
1410,5445,08-03-2014,21:40:00,4,46,38,47,10,36
1411,5444,06-03-2014,21:40:00,35,20,26,4,34,37
1412,5443,04-03-2014,21:40:00,26,2,1,13,17,40
1413,5442,01-03-2014,21:40:00,18,34,30,31,23,12
1414,5441,27-02-2014,21:40:00,16,21,17,45,47,34
1415,5440,25-02-2014,21:40:00,18,10,17,8,26,3
1416,5439,22-02-2014,21:40:00,38,23,30,37,42,40
1417,5438,20-02-2014,21:40:00,48,11,29,22,20,2
1418,5437,18-02-2014,21:40:00,26,37,45,20,1,13
1419,5436,15-02-2014,21:40:00,13,23,48,28,10,11
1420,5435,13-02-2014,21:40:00,16,49,13,10,33,44
1421,5434,11-02-2014,21:40:00,48,39,20,41,34,16
1422,5433,08-02-2014,21:40:00,6,42,15,47,37,26
1423,5432,06-02-2014,21:40:00,27,17,35,45,12,41
1424,5431,04-02-2014,21:40:00,14,3,29,10,4,2
1425,5430,01-02-2014,21:40:00,1,42,7,14,19,44
1426,5429,30-01-2014,21:40:00,49,21,45,31,34,46
1427,5428,28-01-2014,21:40:00,40,38,37,4,44,17
1428,5427,25-01-2014,21:40:00,25,14,32,47,4,45
1429,5426,23-01-2014,21:40:00,48,22,24,33,37,18
1430,5425,21-01-2014,21:40:00,11,29,19,14,2,16
1431,5424,18-01-2014,21:40:00,33,16,15,24,41,39
1432,5423,16-01-2014,21:40:00,26,25,27,16,49,11
1433,5422,14-01-2014,21:40:00,31,22,2,13,19,38
1434,5421,11-01-2014,21:40:00,21,5,20,47,33,31
1435,5420,09-01-2014,21:40:00,30,48,45,4,11,41
1436,5419,07-01-2014,21:40:00,41,30,45,24,11,43
1437,5418,04-01-2014,21:40:00,38,20,32,41,8,23
1438,5417,02-01-2014,21:40:00,1,41,14,25,29,16
1439,5416,31-12-2013,21:40:00,41,8,43,37,25,34
1440,5415,28-12-2013,21:40:00,45,9,42,37,8,22
1441,5414,26-12-2013,21:40:00,9,27,46,8,1,42
1442,5413,24-12-2013,21:40:00,12,19,43,46,39,4
1443,5412,21-12-2013,21:40:00,39,20,2,38,22,36
1444,5411,19-12-2013,21:40:00,2,9,10,19,35,11
1445,5410,17-12-2013,21:40:00,11,5,3,41,40,10
1446,5409,14-12-2013,21:40:00,39,46,10,29,30,26
1447,5408,12-12-2013,21:40:00,21,10,28,41,19,31
1448,5407,10-12-2013,21:40:00,48,12,35,16,44,45
1449,5406,07-12-2013,21:40:00,5,43,36,18,24,47
1450,5405,05-12-2013,21:40:00,27,11,20,8,47,40
1451,5404,03-12-2013,21:40:00,27,44,15,34,4,43
1452,5403,30-11-2013,21:40:00,25,35,36,19,20,11
1453,5402,28-11-2013,21:40:00,19,37,29,32,5,36
1454,5401,26-11-2013,21:40:00,37,41,38,15,1,42
1455,5400,23-11-2013,21:40:00,20,28,39,18,33,10
1456,5399,21-11-2013,21:40:00,16,41,39,38,46,11
1457,5398,19-11-2013,21:40:00,45,18,36,41,34,14
1458,5397,16-11-2013,21:40:00,13,18,20,12,6,47
1459,5396,14-11-2013,21:40:00,39,41,5,19,4,28
1460,5395,12-11-2013,21:40:00,13,6,33,16,14,17
1461,5394,09-11-2013,21:40:00,35,4,6,29,30,34
1462,5393,07-11-2013,21:40:00,27,16,48,37,20,35
1463,5392,05-11-2013,21:40:00,23,17,25,37,19,28
1464,5391,02-11-2013,21:40:00,15,48,32,10,20,43
1465,5390,31-10-2013,21:40:00,1,38,34,19,25,47
1466,5389,29-10-2013,21:40:00,14,21,30,49,25,3
1467,5388,26-10-2013,21:40:00,3,15,27,29,35,41
1468,5387,24-10-2013,21:40:00,29,38,44,8,27,12
1469,5386,22-10-2013,21:40:00,40,48,34,35,37,7
1470,5385,19-10-2013,21:40:00,39,13,41,10,31,5
1471,5384,17-10-2013,21:40:00,36,4,22,27,12,47
1472,5383,15-10-2013,21:40:00,1,12,46,13,45,24
1473,5382,12-10-2013,21:40:00,32,19,33,26,27,13
1474,5381,10-10-2013,21:40:00,45,48,9,23,49,4
1475,5380,08-10-2013,21:40:00,22,25,39,32,34,16
1476,5379,05-10-2013,21:40:00,19,26,8,2,32,17
1477,5378,03-10-2013,21:40:00,18,4,11,21,17,22
1478,5377,01-10-2013,21:40:00,48,8,15,24,16,26
1479,5376,28-09-2013,21:40:00,31,15,30,17,32,37
1480,5375,26-09-2013,21:40:00,39,9,45,22,17,15
1481,5374,24-09-2013,21:40:00,45,12,40,31,25,30
1482,5373,21-09-2013,21:40:00,27,6,29,39,3,38
1483,5372,19-09-2013,21:40:00,17,36,32,28,16,48
1484,5371,17-09-2013,21:40:00,39,38,24,1,41,16
1485,5370,14-09-2013,21:40:00,48,27,12,4,32,45
1486,5369,12-09-2013,21:40:00,45,23,39,28,7,11
1487,5368,10-09-2013,21:40:00,37,23,27,2,32,28
1488,5367,07-09-2013,21:40:00,16,40,44,38,3,32
1489,5366,05-09-2013,21:40:00,44,6,33,28,4,23
1490,5365,03-09-2013,21:40:00,20,15,25,41,48,10
1491,5364,31-08-2013,21:40:00,16,34,35,32,42,41
1492,5363,29-08-2013,21:40:00,18,38,9,22,36,15
1493,5362,27-08-2013,21:40:00,34,3,12,32,20,24
1494,5361,24-08-2013,21:40:00,47,33,39,29,32,21
1495,5360,22-08-2013,21:40:00,9,49,4,44,25,17
1496,5359,20-08-2013,21:40:00,4,11,9,3,15,14
1497,5358,17-08-2013,21:40:00,40,2,19,25,42,17
1498,5357,15-08-2013,21:40:00,29,23,20,25,5,33
1499,5356,13-08-2013,21:40:00,44,30,47,42,20,40
1500,5355,10-08-2013,21:40:00,21,44,40,32,34,30
1501,5354,08-08-2013,21:40:00,46,11,3,34,35,29
1502,5353,06-08-2013,21:40:00,47,27,38,37,49,19
1503,5352,03-08-2013,21:40:00,20,33,18,31,48,3
1504,5351,01-08-2013,21:40:00,32,36,47,20,23,15
1505,5350,30-07-2013,21:40:00,3,9,33,21,43,11
1506,5349,27-07-2013,21:40:00,27,13,49,23,26,41
1507,5348,25-07-2013,21:40:00,11,37,35,18,45,16
1508,5347,23-07-2013,21:40:00,21,14,26,6,22,3
1509,5346,20-07-2013,21:40:00,47,1,8,7,45,22
1510,5345,18-07-2013,21:40:00,29,31,14,43,44,11
1511,5344,16-07-2013,21:40:00,6,17,14,12,34,10
1512,5343,13-07-2013,21:40:00,30,15,48,35,27,43
1513,5342,11-07-2013,21:40:00,18,3,30,44,10,36
1514,5341,09-07-2013,21:40:00,37,42,16,12,9,28
1515,5340,06-07-2013,21:40:00,39,2,10,25,47,33
1516,5339,04-07-2013,21:40:00,39,40,38,12,32,36
1517,5338,02-07-2013,21:40:00,23,6,46,41,24,1
1518,5337,29-06-2013,21:40:00,43,42,9,12,18,5
1519,5336,27-06-2013,21:40:00,8,20,23,44,6,22
1520,5335,25-06-2013,21:40:00,42,31,9,23,33,1
1521,5334,22-06-2013,21:40:00,25,26,2,24,42,27
1522,5333,20-06-2013,21:40:00,2,41,5,38,4,24
1523,5332,18-06-2013,21:40:00,33,35,45,17,8,36
1524,5331,15-06-2013,21:40:00,36,17,33,6,19,3
1525,5330,13-06-2013,21:40:00,47,16,42,24,2,49
1526,5329,11-06-2013,21:40:00,14,22,4,3,34,18
1527,5328,08-06-2013,21:40:00,34,19,3,22,16,40
1528,5327,06-06-2013,21:40:00,9,37,21,34,31,2
1529,5326,04-06-2013,21:40:00,20,1,4,12,34,22
1530,5325,01-06-2013,21:40:00,32,31,40,11,22,12
1531,5324,30-05-2013,21:40:00,20,1,12,7,41,47
1532,5323,28-05-2013,21:40:00,6,45,14,41,23,47
1533,5322,25-05-2013,21:40:00,17,1,49,9,39,36
1534,5321,23-05-2013,21:40:00,1,41,8,32,13,21
1535,5320,21-05-2013,21:40:00,14,2,37,1,38,9
1536,5319,18-05-2013,21:40:00,22,1,16,35,36,4
1537,5318,16-05-2013,21:40:00,44,4,35,41,13,16
1538,5317,14-05-2013,21:40:00,23,2,21,8,12,11
1539,5316,11-05-2013,21:40:00,33,23,48,1,46,32
1540,5315,09-05-2013,21:40:00,29,20,16,44,36,2
1541,5314,07-05-2013,21:40:00,20,7,40,39,27,8
1542,5313,04-05-2013,21:40:00,33,6,31,7,29,11
1543,5312,02-05-2013,21:40:00,34,27,45,6,35,48
1544,5311,30-04-2013,22:15:00,43,26,25,30,37,31
1545,5310,27-04-2013,22:15:00,35,2,28,5,6,16
1546,5309,25-04-2013,22:15:00,19,15,17,28,46,22
1547,5308,23-04-2013,22:15:00,44,18,2,21,9,27
1548,5307,20-04-2013,22:15:00,36,9,29,6,5,34
1549,5306,18-04-2013,22:15:00,11,6,38,21,34,41
1550,5305,16-04-2013,22:15:00,17,37,41,29,6,9
1551,5304,13-04-2013,22:15:00,40,11,41,6,21,35
1552,5303,11-04-2013,22:15:00,24,23,22,36,21,38
1553,5302,09-04-2013,22:15:00,33,35,10,15,47,45
1554,5301,06-04-2013,22:15:00,10,12,46,41,29,35
1555,5300,04-04-2013,22:15:00,18,47,22,34,7,38
1556,5299,02-04-2013,22:15:00,46,26,27,24,48,22
1557,5298,30-03-2013,22:15:00,20,23,9,47,24,16
1558,5297,28-03-2013,22:15:00,22,21,12,47,9,6
1559,5296,26-03-2013,22:15:00,48,3,39,21,15,40
1560,5295,23-03-2013,22:15:00,28,21,36,26,7,11
1561,5294,21-03-2013,22:15:00,32,41,28,20,4,25
1562,5293,19-03-2013,22:15:00,29,33,38,16,1,48
1563,5292,16-03-2013,22:15:00,24,4,12,29,8,25
1564,5291,14-03-2013,22:15:00,35,8,10,15,41,19
1565,5290,12-03-2013,22:15:00,46,43,3,36,37,47
1566,5289,09-03-2013,22:15:00,33,2,23,3,48,36
1567,5288,07-03-2013,22:15:00,29,41,30,33,34,12
1568,5287,05-03-2013,22:15:00,48,34,45,15,3,6
1569,5286,02-03-2013,22:15:00,10,18,31,14,30,17
1570,5285,28-02-2013,22:15:00,36,21,2,11,29,49
1571,5284,26-02-2013,22:15:00,16,43,45,23,40,14
1572,5283,23-02-2013,22:15:00,16,8,20,19,41,43
1573,5282,21-02-2013,22:15:00,47,4,3,14,42,39
1574,5281,19-02-2013,22:15:00,41,18,25,20,32,19
1575,5280,16-02-2013,22:15:00,21,15,27,35,17,32
1576,5279,14-02-2013,22:15:00,12,3,30,5,24,22
1577,5278,12-02-2013,22:15:00,4,14,28,40,34,38
1578,5277,09-02-2013,22:15:00,39,2,25,43,8,48
1579,5276,07-02-2013,22:15:00,6,9,35,1,23,14
1580,5275,05-02-2013,22:15:00,8,4,30,38,24,40
1581,5274,02-02-2013,22:15:00,17,13,49,23,40,29
1582,5273,31-01-2013,22:15:00,10,25,45,17,40,26
1583,5272,29-01-2013,22:15:00,21,23,20,10,34,11
1584,5271,26-01-2013,22:15:00,23,29,19,43,7,21
1585,5270,24-01-2013,22:15:00,39,4,8,49,29,35
1586,5269,22-01-2013,22:15:00,1,46,33,42,44,28
1587,5268,19-01-2013,22:15:00,29,22,41,17,25,15
1588,5267,17-01-2013,22:15:00,29,33,30,47,35,7
1589,5266,15-01-2013,22:15:00,7,49,36,2,11,38
1590,5265,12-01-2013,22:15:00,1,20,12,17,16,10
1591,5264,10-01-2013,22:15:00,40,17,43,15,35,24
1592,5263,08-01-2013,22:15:00,22,44,36,34,31,18
1593,5262,05-01-2013,22:15:00,38,2,19,1,30,43
1594,5261,03-01-2013,22:15:00,9,19,10,7,37,38
1595,5260,01-01-2013,22:15:00,47,27,33,4,34,15
1596,5259,29-12-2012,22:15:00,31,42,26,43,24,45
1597,5258,27-12-2012,22:15:00,19,1,18,44,43,40
1598,5257,25-12-2012,22:15:00,10,38,23,21,11,44
1599,5256,22-12-2012,22:15:00,29,7,20,11,42,47
1600,5255,20-12-2012,22:15:00,21,49,20,27,43,31
1601,5254,18-12-2012,22:15:00,40,3,14,43,29,6
1602,5253,15-12-2012,22:15:00,48,32,9,37,18,40
1603,5252,13-12-2012,22:15:00,33,7,23,28,32,22
1604,5251,11-12-2012,22:15:00,27,26,3,12,38,25
1605,5250,08-12-2012,22:15:00,35,24,9,49,40,46
1606,5249,06-12-2012,22:15:00,7,12,19,29,37,30
1607,5248,04-12-2012,22:15:00,41,40,36,39,48,25
1608,5247,01-12-2012,22:15:00,27,42,2,33,10,47
1609,5246,29-11-2012,22:15:00,40,43,12,28,19,20
1610,5245,27-11-2012,22:15:00,12,33,10,42,8,47
1611,5244,24-11-2012,22:15:00,15,1,12,30,44,41
1612,5243,22-11-2012,22:15:00,27,9,46,12,48,22
1613,5242,20-11-2012,22:15:00,37,3,2,45,35,22
1614,5241,17-11-2012,22:15:00,25,6,12,29,43,2
1615,5240,15-11-2012,22:15:00,8,12,35,22,28,10
1616,5239,13-11-2012,22:15:00,1,33,49,45,11,21
1617,5238,10-11-2012,22:15:00,16,41,20,34,30,9
1618,5237,08-11-2012,22:15:00,24,41,32,44,18,45
1619,5236,06-11-2012,22:15:00,20,27,30,28,7,16
1620,5235,03-11-2012,22:15:00,27,39,6,23,21,44
1621,5234,01-11-2012,22:15:00,34,23,35,10,36,43
1622,5233,30-10-2012,22:15:00,15,14,1,40,19,41
1623,5232,27-10-2012,22:15:00,28,30,36,23,27,29
1624,5231,25-10-2012,22:15:00,44,18,36,4,49,40
1625,5230,23-10-2012,22:15:00,7,29,17,30,45,41
1626,5229,20-10-2012,22:15:00,6,1,38,11,20,3
1627,5228,18-10-2012,22:15:00,44,8,35,34,2,17
1628,5227,16-10-2012,22:15:00,18,34,31,27,40,16
1629,5226,13-10-2012,22:15:00,32,13,36,3,14,8
1630,5225,11-10-2012,22:15:00,29,47,37,30,23,20
1631,5224,09-10-2012,22:15:00,5,3,17,34,16,2
1632,5223,06-10-2012,22:15:00,38,8,31,15,11,4
1633,5222,04-10-2012,22:15:00,1,13,16,24,10,26
1634,5221,02-10-2012,22:15:00,28,1,38,23,12,35
1635,5220,29-09-2012,22:15:00,27,39,38,11,5,45
1636,5219,27-09-2012,22:15:00,18,7,31,27,24,40
1637,5218,25-09-2012,22:15:00,9,24,44,47,14,4
1638,5217,22-09-2012,22:15:00,37,32,11,22,13,28
1639,5216,20-09-2012,22:15:00,40,23,20,15,17,9
1640,5215,18-09-2012,22:15:00,43,40,41,47,24,36
1641,5214,15-09-2012,22:15:00,5,49,43,37,39,4
